id,title,author,publisher,pub_year,pages,genre,author_gender,fiction_nonfiction,tags,date_finished,cover_url,openlibrary_id,isbn,word_count
3,Guards! Guards!,Terry Pratchett,Test,1985.0,111.0,Fantasy,,,,2025-09,,OL453735W,,27750.0
4,Extinction of Irena Rey,Jennifer Croft,,,,,,,,2025-09,,OL37626918W,,
16,Stoner,John Williams,,,,,,,,2025-10,,OL3511459W,,
19,The Stand,Stephen King,Doubleday,1978.0,823.0,Horror,Male,Fiction,"apocalyptic, pandemic, supernatural, epic, survival, good vs evil",2025-10,https://raw.githubusercontent.com/underscore-stack/BookTracker-Data/main/covers/OL81618W.jpg,OL81618W,,205750.0
20,Stoner,,Viking Press,1965.0,288.0,Literary Fiction,Male,Fiction,"academic life, 20th century, university, literary classic, American literature",2025-10,https://raw.githubusercontent.com/underscore-stack/BookTracker-Data/main/covers/9780670671243.jpg,OL3511459W,9780670671243,72000.0
21,Caste,Isabel Wilkerson,Random House,2020.0,496.0,Non-Fiction,Female,Non-fiction,"Social Hierarchy, Race Relations, Historical Analysis, Inequality, American Society",2021-01,https://raw.githubusercontent.com/underscore-stack/BookTracker-Data/main/covers/9780593230251.jpg,OL52916876M,9780593230251,124000.0
22,The Vanishing Half,Brit Bennett,Riverhead Books,2022.0,400.0,Fiction,Female,Fiction,"Identity, Family, Race, Secrets",2021-01,https://raw.githubusercontent.com/underscore-stack/BookTracker-Data/main/covers/9780525536963.jpg,OL35701494M,9780525536963,100000.0
23,Leave the World Behind,Rumaan Alam,Ecco,2021.0,320.0,Thriller,Male,Fiction,"Suspense, Dystopian, Family Drama, Psychological Tension",2021-01,https://raw.githubusercontent.com/underscore-stack/BookTracker-Data/main/covers/9780062667649.jpg,OL31990067M,9780062667649,80000.0
24,Crooked Tree,Una Mannion,"HarperCollins Canada, Limited",2021.0,336.0,Literary Fiction,Female,Fiction,"Family Dynamics, Coming Of Age, Suspense, Rural Life, Mystery",2021-01,https://raw.githubusercontent.com/underscore-stack/BookTracker-Data/main/covers/9780063049840.jpg,OL21704313W,9780063049840,84000.0
25,Homegoing,Yaa Gyasi,Vintage Books,2017.0,320.0,Historical Fiction,Female,Fiction,"African Diaspora, Family Saga, Slavery, Colonialism, Ghana, Generational Stories",2021-01,https://raw.githubusercontent.com/underscore-stack/BookTracker-Data/main/covers/9781101971062.jpg,OL26387137M,9781101971062,80000.0
26,The Push,Ashley Audrain,Penguin Books,2022.0,336.0,Psychological Thriller,Female,Fiction,"Motherhood, Suspense, Family Dynamics, Psychological Tension, Trauma",2021-01,https://raw.githubusercontent.com/underscore-stack/BookTracker-Data/main/covers/9781984881687.jpg,OL35328023M,9781984881687,84000.0
27,Bone Canyon,Lee Goldberg,Amazon Publishing,2021.0,288.0,Mystery/Thriller,Female,Fiction,"Crime Investigation, Suspense, Detective, Los Angeles, Police Procedural",2021-02,https://raw.githubusercontent.com/underscore-stack/BookTracker-Data/main/covers/9781542042772.jpg,OL42747552M,9781542042772,72000.0
28,"Animal, Vegetable, Junk",Mark Bittman,Mariner Books,2022.0,384.0,Non-fiction,Male,Non-fiction,"Food History, Agriculture, Sustainability, Environmental Impact, Nutrition",2021-02,https://raw.githubusercontent.com/underscore-stack/BookTracker-Data/main/covers/9780358645528.jpg,OL32922310M,9780358645528,96000.0
29,The Grapes of Wrath,John Steinbeck,Penguin Books,2006.0,464.0,Fiction,Male,Fiction,"Great Depression, American Literature, Family, Migration, Social Justice",2021-02,https://raw.githubusercontent.com/underscore-stack/BookTracker-Data/main/covers/9780143039433.jpg,OL3432139M,9780143039433,116000.0
30,Writers & Lovers,Lily King,Grove Pr,2021.0,336.0,Literary Fiction,Female,Fiction,"Coming-Of-Age, Romance, Grief, Writing, Self-Discovery",2021-02,https://raw.githubusercontent.com/underscore-stack/BookTracker-Data/main/covers/9780802148544.jpg,OL28157989M,9780802148544,84000.0
31,Darkness visible,William Styron,Vintage Books,1992.0,84.0,Memoir,Male,Non-fiction,"Depression, Mental Health, Autobiography, Personal Struggle, Recovery",2021-02,https://raw.githubusercontent.com/underscore-stack/BookTracker-Data/main/covers/9780679736394.jpg,OL1566132M,9780679736394,21000.0
32,Sophie's choice,William Styron,Vintage Books,1992.0,562.0,Historical Fiction,Male,Fiction,"Holocaust, World War II, Trauma, Moral Dilemma, Love Triangle",2021-03,https://raw.githubusercontent.com/underscore-stack/BookTracker-Data/main/covers/9780679736370.jpg,OL1566135M,9780679736370,140500.0
33,"Hunt, Gather, Parent",Michaeleen Doucleff,Simon & Schuster,2022.0,352.0,Parenting,Female,Non-fiction,"Child-Rearing, Cross-Cultural, Family Dynamics, Anthropology, Parenting Techniques",2021-03,https://raw.githubusercontent.com/underscore-stack/BookTracker-Data/main/covers/9781982149680.jpg,OL34164268M,9781982149680,88000.0
34,The Child in Time,Ian McEwan,Anchor,1999.0,272.0,Literary Fiction,Male,Fiction,"Loss, Time, Parenthood, Psychological, British Literature",2021-04,https://raw.githubusercontent.com/underscore-stack/BookTracker-Data/main/covers/9780385497527.jpg,OL7440565M,9780385497527,68000.0
35,The House on Vesper Sands,Paraic O'Donnell,W&N,2019.0,384.0,Mystery,Male,Fiction,"Victorian Era, Detective Fiction, Supernatural Elements, Gothic, Suspense",2021-04,https://raw.githubusercontent.com/underscore-stack/BookTracker-Data/main/covers/9781474601047.jpg,OL32211747M,9781474601047,96000.0
36,Evicted,Matthew Desmond,Broadway Books,2017.0,442.0,Non-fiction,Male,Non-fiction,"Poverty, Housing, Sociology, Urban Studies, Eviction",2021-04,https://raw.githubusercontent.com/underscore-stack/BookTracker-Data/main/covers/9780553447453.jpg,OL39800190M,9780553447453,110500.0
37,Say Nothing,Patrick Radden Keefe,Anchor,2020.0,560.0,Non-fiction,Male,Non-fiction,"Northern Ireland, The Troubles, True Crime, Political History, Investigation",2021-04,https://raw.githubusercontent.com/underscore-stack/BookTracker-Data/main/covers/9780307279286.jpg,OL28292208M,9780307279286,140000.0
38,Later,Stephen King,Hard Case Crime,2021.0,256.0,Horror,Male,Fiction,"Supernatural, Crime, Mystery, Suspense, Thriller",2021-04,https://raw.githubusercontent.com/underscore-stack/BookTracker-Data/main/covers/9781789096491.jpg,OL28742894M,9781789096491,64000.0
39,Agent running in the field,John Carre,Viking,2019.0,352.0,Spy Fiction,Male,Fiction,"Espionage, Cold War, Intelligence, Thriller, British Agents",2021-04,https://raw.githubusercontent.com/underscore-stack/BookTracker-Data/main/covers/9781984878878.jpg,OL27713953M,9781984878878,88000.0
40,Blacktop Wasteland,S. A. Cosby,Flatiron Books,2021.0,304.0,Crime Thriller,Male,Fiction,"Heist, Noir, Family Drama, Southern Fiction, Fast-Paced",2021-05,https://raw.githubusercontent.com/underscore-stack/BookTracker-Data/main/covers/9781250252692.jpg,OL30680289M,9781250252692,76000.0
41,The Amazing Adventures of Kavalier and Clay,Michael Chabon,Random House,2000.0,639.0,Historical Fiction,Male,Fiction,"Comic Books, World War II, Friendship, Jewish Culture, New York City",2021-05,https://raw.githubusercontent.com/underscore-stack/BookTracker-Data/main/covers/679450041.jpg,OL22741306M,679450041,159750.0
42,The Constant Gardener,John le Carré,Scribner,2004.0,560.0,Thriller,Male,Fiction,"Espionage, Political Intrigue, Africa, Pharmaceutical Industry, Mystery",2021-06,https://raw.githubusercontent.com/underscore-stack/BookTracker-Data/main/covers/9780743262439.jpg,OL7947989M,9780743262439,140000.0
43,One by One,Ruth Ware,Gallery/Scout Press,2021.0,384.0,Thriller,Female,Fiction,"Suspense, Mystery, Psychological, Crime, Isolation",2021-06,https://raw.githubusercontent.com/underscore-stack/BookTracker-Data/main/covers/9781501188824.jpg,OL32070456M,9781501188824,96000.0
44,The gnostic gospels,Elaine Pagels,"Vintage Books, a division of Random House, Inc.",1989.0,182.0,Non-fiction,Female,Non-fiction,"Gnosticism, Early Christianity, Religious History, Theology, Nag Hammadi, Spirituality",2021-06,https://raw.githubusercontent.com/underscore-stack/BookTracker-Data/main/covers/9780679724537.jpg,OL7699825M,9780679724537,45500.0
45,Drive Your Plow over the Bones of the Dead,"Olga Tokarczuk, Antonia Lloyd-Jones",Penguin Publishing Group,2020.0,288.0,Mystery,Female,Fiction,"Environmentalism, Noir, Psychological, Literary Fiction, Crime",2021-06,https://raw.githubusercontent.com/underscore-stack/BookTracker-Data/main/covers/9780525541349.jpg,OL57188709M,9780525541349,72000.0
46,How to Be Both,Ali Smith,Anchor,2015.0,336.0,Literary Fiction,Male,Fiction,"Dual Narrative, Art, Identity, Historical Fiction, Contemporary Fiction",2021-07,https://raw.githubusercontent.com/underscore-stack/BookTracker-Data/main/covers/9780307275257.jpg,OL27749886M,9780307275257,84000.0
47,Moonflower Murders,Anthony Horowitz,Harper Perennial,2021.0,608.0,Mystery,Male,Fiction,"Murder Mystery, Detective Fiction, Crime, Suspense, Whodunit",2021-07,https://raw.githubusercontent.com/underscore-stack/BookTracker-Data/main/covers/9780062955463.jpg,OL31979086M,9780062955463,152000.0
48,The Absolute Book,Elizabeth Knox,Viking,2021.0,640.0,Fantasy,Female,Fiction,"Mythology, Mystery, Adventure, Supernatural, Literary Fiction",2021-08,https://raw.githubusercontent.com/underscore-stack/BookTracker-Data/main/covers/9780593296738.jpg,OL32180844M,9780593296738,160000.0
49,Billy Summers,Stephen King,Scribner,2021.0,544.0,Thriller,Male,Fiction,"Hitman, Crime, Suspense, Redemption, Mystery",2021-08,https://raw.githubusercontent.com/underscore-stack/BookTracker-Data/main/covers/9781982173623.jpg,OL34708429M,9781982173623,136000.0
50,The Only Good Indians,Stephen Graham Jones,Gallery / Saga Press,2021.0,320.0,Horror,Male,Fiction,"Native American, Supernatural, Revenge, Cultural Identity, Psychological Thriller",2021-08,https://raw.githubusercontent.com/underscore-stack/BookTracker-Data/main/covers/9781982136468.jpg,OL28650953M,9781982136468,80000.0
51,The Ministry for the Future,Kim Stanley Robinson,Orbit,2021.0,576.0,Science Fiction,Male,Fiction,"Climate Change, Dystopian, Futuristic, Environmentalism, Socio-Political",2021-09,https://raw.githubusercontent.com/underscore-stack/BookTracker-Data/main/covers/9780316300148.jpg,OL30620201M,9780316300148,144000.0
52,Project Hail Mary,Andy Weir,Ballantine Books,2022.0,496.0,Science Fiction,Male,Fiction,"Space Exploration, Alien Encounter, Survival, Astrophysics, Thriller",2021-09,https://raw.githubusercontent.com/underscore-stack/BookTracker-Data/main/covers/9780593135228.jpg,OL38627505M,9780593135228,124000.0
53,The Changeling,Victor LaValle,Spiegel & Grau,2018.0,448.0,Horror,Male,Fiction,"Fairy Tale, Dark Fantasy, Urban Legend, Parenthood, Suspense",2021-09,https://raw.githubusercontent.com/underscore-stack/BookTracker-Data/main/covers/9780812985870.jpg,OL27359474M,9780812985870,112000.0
54,Razorblade Tears,S. A. Cosby,Flatiron Books,2022.0,336.0,Crime Thriller,Male,Fiction,"Revenge, Family, Lgbtq, Southern Noir, Mystery",2021-09,https://raw.githubusercontent.com/underscore-stack/BookTracker-Data/main/covers/9781250252715.jpg,OL32483430M,9781250252715,84000.0
55,The Prime of Miss Jean Brodie,Muriel Spark,Harper Perennial Modern Classics,2009.0,160.0,Literary Fiction,Female,Fiction,"Coming-Of-Age, Teacher-Student Relationship, 1930s Edinburgh, Character Study, Influence",2021-09,https://raw.githubusercontent.com/underscore-stack/BookTracker-Data/main/covers/9780061711299.jpg,OL24089588M,9780061711299,40000.0
56,If on a Winter's Night a Traveler,Italo Calvino,Harcourt Brace Jovanovich,1982.0,260.0,Metafiction,Male,Fiction,"Experimental, Narrative, Postmodern, Literary, Fragmented",2021-10,https://raw.githubusercontent.com/underscore-stack/BookTracker-Data/main/covers/9780156439619.jpg,OL35719332M,9780156439619,65000.0
57,Breathing Lessons,Anne Tyler,Ballantine Books,2005.0,352.0,Fiction,Female,Fiction,"Family, Relationships, Marriage, Road Trip, Personal Growth",2021-10,https://raw.githubusercontent.com/underscore-stack/BookTracker-Data/main/covers/9780345485571.jpg,OL9649217M,9780345485571,88000.0
58,The beginning of spring,Penelope Fitzgerald,Collins,1988.0,187.0,Historical Fiction,Female,Fiction,"Russia, Family, 20th Century, Expatriate Life, Mystery",2021-10,https://raw.githubusercontent.com/underscore-stack/BookTracker-Data/main/covers/2232618.jpg,OL378715M,2232618,46750.0
59,State of Terror,"Louise Penny, Hillary Rodham Clinton",Simon & Schuster/St. Martin’s Press,2022.0,512.0,Political Thriller,Female,Fiction,"International Intrigue, Espionage, Terrorism, Female Protagonist, Political Conspiracy",2021-10,https://raw.githubusercontent.com/underscore-stack/BookTracker-Data/main/covers/9781982173685.jpg,OL35443448M,9781982173685,128000.0
60,Swim in a Pond in the Rain,George Saunders,Random House Publishing Group,2022.0,432.0,Literary Criticism,Male,Non-fiction,"Russian Literature, Short Stories, Writing Analysis, Teaching, Creative Writing",2021-11,https://raw.githubusercontent.com/underscore-stack/BookTracker-Data/main/covers/9781984856036.jpg,OL37579681M,9781984856036,108000.0
61,The Bomber Mafia,Malcolm Gladwell,Back Bay Books,2022.0,256.0,Non-fiction,Male,Non-fiction,"Military History, Aviation, World War Ii, Strategy, Technology",2021-11,https://raw.githubusercontent.com/underscore-stack/BookTracker-Data/main/covers/9780316296816.jpg,OL33892263M,9780316296816,64000.0
62,Last House on Needless Street,Catriona Ward,"Doherty Associates, LLC, Tom",2022.0,368.0,Horror,Female,Fiction,"Psychological Thriller, Mystery, Suspense, Dark, Gothic",2021-11,https://raw.githubusercontent.com/underscore-stack/BookTracker-Data/main/covers/9781250812643.jpg,OL32163380M,9781250812643,92000.0
63,Little Eve,Catriona Ward,"Doherty Associates, LLC, Tom",2022.0,304.0,Horror,Female,Fiction,"Cults, Gothic, Psychological Thriller, Supernatural, Mystery",2021-11,https://raw.githubusercontent.com/underscore-stack/BookTracker-Data/main/covers/9781250812650.jpg,OL36884022M,9781250812650,76000.0
64,Killings at Kingfisher Hill,Sophie Hannah,HarperCollins Publishers,2020.0,560.0,Mystery,Male,Non-fiction,"Hercule Poirot, Detective Fiction, Murder Investigation, Agatha Christie Continuation",2021-11,https://raw.githubusercontent.com/underscore-stack/BookTracker-Data/main/covers/9780062999917.jpg,OL29832946M,9780062999917,140000.0
65,Anansi Boys,Neil Gaiman,Harper Perennial,2008.0,368.0,Fantasy,Male,Fiction,"Mythology, Humor, Family, Folklore, Magic",2021-11,https://raw.githubusercontent.com/underscore-stack/BookTracker-Data/main/covers/9780061342394.jpg,OL9952452M,9780061342394,92000.0
66,Tell the Machine Goodnight: A Novel,Katie Williams,Riverhead Books,2019.0,304.0,Science Fiction,Female,Fiction,"Near-Future, Technology, Dystopian, Speculative, Personal Relationships",2021-11,https://raw.githubusercontent.com/underscore-stack/BookTracker-Data/main/covers/9780525533139.jpg,OL27320342M,9780525533139,76000.0
67,Far from the Light of Heaven,Tade Thompson,Orbit,2021.0,384.0,Science Fiction,Male,Fiction,"Space Exploration, Mystery, Artificial Intelligence, Thriller, Futuristic",2021-12,https://raw.githubusercontent.com/underscore-stack/BookTracker-Data/main/covers/9780759557918.jpg,OL33283665M,9780759557918,96000.0
68,Mystery of Three Quarters,Sophie Hannah,HarperCollins Publishers,2019.0,368.0,Mystery,Female,Fiction,"Hercule Poirot, Detective Fiction, Crime, Agatha Christie Continuation, Suspense",2021-12,https://raw.githubusercontent.com/underscore-stack/BookTracker-Data/main/covers/9780062792358.jpg,OL47663382M,9780062792358,92000.0
69,Glass Hotel,Emily St. John Mandel,"Knopf Incorporated, Alfred A.",2020.0,320.0,Literary Fiction,Female,Fiction,"Mystery, Financial Crime, Ghost Story, Contemporary, Psychological",2021-12,https://raw.githubusercontent.com/underscore-stack/BookTracker-Data/main/covers/9780525562948.jpg,OL27931139M,9780525562948,80000.0
70,Second Place,Rachel Cusk,Picador,2022.0,192.0,Literary Fiction,Female,Fiction,"Art, Relationships, Isolation, Psychological, Nature",2021-12,https://raw.githubusercontent.com/underscore-stack/BookTracker-Data/main/covers/9781250838681.jpg,OL32850385M,9781250838681,48000.0
71,Harrow,Joy Williams,Knopf Doubleday Publishing Group,2022.0,224.0,Literary Fiction,Female,Fiction,"Dystopian, Environmental, Philosophical, Surreal, Character-Driven",2021-12,https://raw.githubusercontent.com/underscore-stack/BookTracker-Data/main/covers/9781984898807.jpg,OL32050199M,9781984898807,56000.0
72,Book of Joy. the Sunday Times Bestseller,"Dalai Lama, Desmond Tutu",Penguin Random House,2016.0,384.0,Non-fiction,Male,Non-fiction,"Spirituality, Happiness, Memoir, Self-Help, Philosophy",2021-12,https://raw.githubusercontent.com/underscore-stack/BookTracker-Data/main/covers/9781473538351.jpg,OL27213358M,9781473538351,96000.0
73,Silverview,John le Carré,Penguin Books,2022.0,224.0,Spy Fiction,Male,Fiction,"Espionage, Thriller, Intelligence, Cold War, Intrigue",2022-01,https://raw.githubusercontent.com/underscore-stack/BookTracker-Data/main/covers/9780593490631.jpg,OL42193422M,9780593490631,56000.0
74,Bad Faith,Randall Balmer,Eerdmans,2021.0,141.0,Non-fiction,Male,Non-fiction,"Religion, Politics, History, Evangelicalism, Moral Majority",2022-01,https://raw.githubusercontent.com/underscore-stack/BookTracker-Data/main/covers/9780802879349.jpg,OL33043858M,9780802879349,35250.0
75,No One Is Talking about This,Patricia Lockwood,Bloomsbury Publishing Plc,2022.0,224.0,Literary Fiction,Female,Fiction,"Social Media, Contemporary Life, Internet Culture, Existentialism, Family",2022-01,https://raw.githubusercontent.com/underscore-stack/BookTracker-Data/main/covers/9781526629777.jpg,OL33335133M,9781526629777,56000.0
76,Intimacies,Katie Kitamura,Riverhead Books,2022.0,240.0,Literary Fiction,Female,Fiction,"Identity, Relationships, Communication, Power Dynamics, Multilingualism",2022-01,https://raw.githubusercontent.com/underscore-stack/BookTracker-Data/main/covers/9780399576171.jpg,OL33467802M,9780399576171,60000.0
77,David and Goliath,Malcolm Gladwell,Little Brown & Company,2015.0,352.0,Non-fiction,Male,Non-fiction,"Psychology, Social Science, Adversity, Success, Underdogs",2022-01,,OL29702584M,9780316204378,88000.0
78,Under a White Sky,Elizabeth Kolbert,"Crown Publishing Group, The",2022.0,272.0,Non-fiction,Female,Non-fiction,"Climate Change, Environmental Science, Human Impact, Ecology, Sustainability",2022-01,https://raw.githubusercontent.com/underscore-stack/BookTracker-Data/main/covers/9780593136287.jpg,OL30786221M,9780593136287,68000.0
79,Better off Dead,"Lee Child, Andrew Child",Random House Publishing Group,2022.0,384.0,Thriller,Male,Fiction,"Jack Reacher, Action, Suspense, Crime, Mystery",2022-01,https://raw.githubusercontent.com/underscore-stack/BookTracker-Data/main/covers/9781984818539.jpg,OL37536747M,9781984818539,96000.0
80,How the Word Is Passed,Clint Smith III,"Little, Brown and Company",2021.0,336.0,Non-fiction,Male,Non-fiction,"History, Race, American Society, Slavery, Cultural Heritage",2022-01,https://raw.githubusercontent.com/underscore-stack/BookTracker-Data/main/covers/9780316492935.jpg,OL49351984M,9780316492935,84000.0
81,Eye of the Needle,Ken Follett,Penguin Books,2017.0,352.0,Thriller,Male,Fiction,"World War Ii, Espionage, Historical Fiction, Suspense, Spy Thriller",2022-02,https://raw.githubusercontent.com/underscore-stack/BookTracker-Data/main/covers/9780143132042.jpg,OL27383275M,9780143132042,88000.0
82,Dark Matter,,Crown,2016.0,352.0,Science Fiction,Male,Fiction,"Parallel Universes, Thriller, Alternate Realities, Identity, Technology",2022-02,https://raw.githubusercontent.com/underscore-stack/BookTracker-Data/main/covers/1101904224.jpg,OL26741059M,1101904224,88000.0
83,The key to Rebecca,Ken Follett,New American Library,2002.0,337.0,Thriller,Male,Fiction,"Espionage, World War Ii, Historical Fiction, Suspense, Spy",2022-02,https://raw.githubusercontent.com/underscore-stack/BookTracker-Data/main/covers/9780451207791.jpg,OL20932678M,9780451207791,84250.0
84,The Song of Achilles,Madeline Miller,Ecco,2012.0,378.0,Historical Fiction,Female,Fiction,"Greek Mythology, Romance, Retelling, Epic, Friendship",2022-02,https://raw.githubusercontent.com/underscore-stack/BookTracker-Data/main/covers/9780062060624.jpg,OL25321714M,9780062060624,94500.0
85,Mythos,Stephen Fry,Chronicle Books LLC,2019.0,441.0,Mythology,Male,Non-fiction,"Greek Mythology, Retelling, Humor, Ancient Tales",2022-03,https://raw.githubusercontent.com/underscore-stack/BookTracker-Data/main/covers/9781452178912.jpg,OL26872615M,9781452178912,110250.0
86,Sundial,Catriona Ward,"Doherty Associates, LLC, Tom",2022.0,272.0,Horror,Female,Fiction,"Psychological Thriller, Family Secrets, Suspense, Supernatural Elements, Dark Atmosphere",2022-03,https://raw.githubusercontent.com/underscore-stack/BookTracker-Data/main/covers/9781250812681.jpg,OL34141996M,9781250812681,68000.0
87,How to Be an Antiracist,,One World; First Edition edition,2019.0,320.0,Non-fiction,Male,Non-fiction,"Racism, Social Justice, Activism, Equality, Race Relations",2022-03,https://raw.githubusercontent.com/underscore-stack/BookTracker-Data/main/covers/9780525509288.jpg,OL27740159M,9780525509288,80000.0
88,Golden Hill,Francis Spufford,Scribner,2018.0,320.0,Historical Fiction,Male,Fiction,"18th Century, New York, Adventure, Mystery, Satire",2022-03,https://raw.githubusercontent.com/underscore-stack/BookTracker-Data/main/covers/9781501163883.jpg,OL32170318M,9781501163883,80000.0
89,The Three-Body Problem,Cixin Liu,Tor Books,2016.0,416.0,Science Fiction,Male,Fiction,"Alien Contact, Astrophysics, Chinese Literature, Hard Science Fiction, Space Exploration",2022-04,https://raw.githubusercontent.com/underscore-stack/BookTracker-Data/main/covers/9780765382030.jpg,OL26818690M,9780765382030,104000.0
90,The City & The City,China Miéville,Del Rey,2010.0,336.0,Mystery,Male,Fiction,"Parallel Worlds, Crime Investigation, Urban Fantasy, Dystopian, Speculative Fiction",2022-04,https://raw.githubusercontent.com/underscore-stack/BookTracker-Data/main/covers/9780345497529.jpg,OL24091785M,9780345497529,84000.0
91,How To Live Safely In A Science Fictional Universe A Novel,Charles Yu,Vintage Books,2011.0,256.0,Science Fiction,Male,Fiction,"Time Travel, Metafiction, Humor, Existentialism, Alternate Reality",2022-04,https://raw.githubusercontent.com/underscore-stack/BookTracker-Data/main/covers/9780307739452.jpg,OL26135229M,9780307739452,64000.0
92,The Echo Wife,Sarah Gailey,Tor Books,2021.0,256.0,Science Fiction,Female,Fiction,"Cloning, Thriller, Domestic Drama, Betrayal, Ethical Dilemmas",2022-04,https://raw.githubusercontent.com/underscore-stack/BookTracker-Data/main/covers/9781250174666.jpg,OL28231847M,9781250174666,64000.0
93,How Not to Be Wrong: The Power of Mathematical Thinking,Jordan Ellenberg,Penguin Books,2015.0,480.0,Non-fiction,Male,Non-fiction,"Mathematics, Critical Thinking, Problem Solving, Logic, Education",2022-04,https://raw.githubusercontent.com/underscore-stack/BookTracker-Data/main/covers/9780143127536.jpg,OL46539285M,9780143127536,120000.0
94,Sea of Tranquility,Emily St. John Mandel,Knopf,2022.0,272.0,Science Fiction,Female,Fiction,"Time Travel, Parallel Universes, Literary Fiction, Mystery, Speculative Fiction",2022-05,https://raw.githubusercontent.com/underscore-stack/BookTracker-Data/main/covers/9780593321447.jpg,OL32997935M,9780593321447,68000.0
95,From ritual to romance,Jessie L. Weston,Dover Publications,1997.0,202.0,Literary Criticism,Female,Non-fiction,"Arthurian Legend, Grail Myth, Cultural Anthropology, Medieval Literature",2022-05,https://raw.githubusercontent.com/underscore-stack/BookTracker-Data/main/covers/9780486296807.jpg,OL667377M,9780486296807,50500.0
96,The Book Thief,,Alfred A. Knopf,2023.0,566.0,Historical Fiction,Male,Fiction,"World War Ii, Nazi Germany, Death As Narrator, Coming Of Age, Friendship",2022-05,https://raw.githubusercontent.com/underscore-stack/BookTracker-Data/main/covers/9780375842207.jpg,OL25440955M,9780375842207,141500.0
97,End of Policing,Alex Vitale,Verso Books,2021.0,304.0,Non-fiction,Male,Non-fiction,"Policing, Criminal Justice, Social Issues, Reform, Public Policy",2022-05,https://raw.githubusercontent.com/underscore-stack/BookTracker-Data/main/covers/9781839763786.jpg,OL34705698M,9781839763786,76000.0
98,Night Watch,Terry Pratchett,Harper,2014.0,464.0,Fantasy,Male,Fiction,"Discworld, Time Travel, Satire, Humor, Police",2022-05,https://raw.githubusercontent.com/underscore-stack/BookTracker-Data/main/covers/9780062307408.jpg,OL30148132M,9780062307408,116000.0
99,The Hate U Give,Angie Thomas,Balzer + Bray,2018.0,480.0,Young Adult Fiction,Female,Fiction,"Racism, Police Brutality, Activism, Identity, Family",2022-05,https://raw.githubusercontent.com/underscore-stack/BookTracker-Data/main/covers/9780062498540.jpg,OL32890361M,9780062498540,120000.0
100,Joey Pigza Swallowed the Key,Jack Gantos,Square Fish,2014.0,176.0,Children's Fiction,Male,Fiction,"Adhd, School Life, Family, Humor, Coming-Of-Age",2022-06,https://raw.githubusercontent.com/underscore-stack/BookTracker-Data/main/covers/9781250061683.jpg,OL27284142M,9781250061683,44000.0
101,The witches,,Puffin Books,2007.0,224.0,Children's Fantasy,Male,Fiction,"Witches, Adventure, Magic, Children, Classic",2022-06,https://raw.githubusercontent.com/underscore-stack/BookTracker-Data/main/covers/9780142410110.jpg,OL26388450M,9780142410110,56000.0
102,Stiff,Mary Roach,"Norton & Company Limited, W. W.",2021.0,320.0,Non-fiction,Female,Non-fiction,"Science, Cadavers, Humor, Death, Anatomy",2022-06,https://raw.githubusercontent.com/underscore-stack/BookTracker-Data/main/covers/9780393881721.jpg,OL34770919M,9780393881721,80000.0
103,The God of Small Things,,Random House Trade Paperbacks,2008.0,333.0,Literary Fiction,Male,Fiction,"India, Family Saga, Forbidden Love, Social Issues, Cultural Heritage",2022-06,https://raw.githubusercontent.com/underscore-stack/BookTracker-Data/main/covers/9780812979657.jpg,OL24604480M,9780812979657,83250.0
104,Last Widow,Karin Slaughter,HarperCollins Publishers,2020.0,712.0,Thriller,Female,Fiction,"Crime, Mystery, Suspense, Medical, Investigation",2022-06,https://raw.githubusercontent.com/underscore-stack/BookTracker-Data/main/covers/9780062858894.jpg,OL27307963M,9780062858894,178000.0
105,The Mars Room,Rachel Kushner,Scribner,2019.0,352.0,Literary Fiction,Female,Fiction,"Prison Life, Female Protagonist, Social Commentary, Crime, Redemption",2022-07,https://raw.githubusercontent.com/underscore-stack/BookTracker-Data/main/covers/9781476756585.jpg,OL27342621M,9781476756585,88000.0
106,We Had to Remove This Post,"Hanna Bervoets, Emma Rault",Mariner Books,2022.0,160.0,Contemporary Fiction,Female,Fiction,"Social Media, Content Moderation, Psychological Drama, Technology, Workplace Dynamics",2022-07,https://raw.githubusercontent.com/underscore-stack/BookTracker-Data/main/covers/9780358622369.jpg,OL32947502M,9780358622369,40000.0
107,Candy House,Jennifer Egan,Scribner,2022.0,352.0,Literary Fiction,Female,Fiction,"Technology, Interconnected Stories, Identity, Social Media, Speculative Fiction",2022-07,https://raw.githubusercontent.com/underscore-stack/BookTracker-Data/main/covers/9781476716763.jpg,OL34985446M,9781476716763,88000.0
108,Milkman,Anna Burns,Graywolf Press,2018.0,360.0,Literary Fiction,Female,Fiction,"Northern Ireland, Troubles, Stream Of Consciousness, Political Conflict, Identity",2022-07,https://raw.githubusercontent.com/underscore-stack/BookTracker-Data/main/covers/9781644450000.jpg,OL27273378M,9781644450000,90000.0
109,Grunt,Mary Roach,"Norton & Company, Incorporated, W. W.",2017.0,288.0,Non-fiction,Female,Non-fiction,"Military Science, Human Physiology, Humor, Research",2022-07,https://raw.githubusercontent.com/underscore-stack/BookTracker-Data/main/covers/9780393354379.jpg,OL27208317M,9780393354379,72000.0
110,Regeneration,Pat Barker,Plume Book,2014.0,251.0,Historical Fiction,Female,Fiction,"World War I, Psychological Trauma, War Literature, Historical, Mental Health",2022-08,https://raw.githubusercontent.com/underscore-stack/BookTracker-Data/main/covers/9780142180594.jpg,OL35349416M,9780142180594,62750.0
111,Never Tell,Lisa Gardner,Dutton,2019.0,512.0,Thriller,Female,Fiction,"Suspense, Crime, Mystery, Investigation",2022-08,https://raw.githubusercontent.com/underscore-stack/BookTracker-Data/main/covers/9781524742102.jpg,OL32937667M,9781524742102,128000.0
112,Companion Piece,Ali Smith,Knopf Doubleday Publishing Group,2022.0,230.0,Literary Fiction,Female,Fiction,"Contemporary, Art, Relationships, Pandemic, Storytelling",2022-08,https://raw.githubusercontent.com/underscore-stack/BookTracker-Data/main/covers/9780593316375.jpg,OL35145434M,9780593316375,57500.0
113,The Plot,Jean Hanff Korelitz,Celadon Books,2022.0,336.0,Thriller,Female,Fiction,"Psychological Suspense, Literary World, Writer's Life, Mystery, Identity",2022-08,https://raw.githubusercontent.com/underscore-stack/BookTracker-Data/main/covers/9781250790750.jpg,OL32995988M,9781250790750,84000.0
114,In the Dream House,Carmen Maria Machado,Graywolf Press,2020.0,272.0,Memoir,Female,Fiction,"Domestic Abuse, Lgbtq+, Experimental Narrative, Personal Reflection",2022-08,https://raw.githubusercontent.com/underscore-stack/BookTracker-Data/main/covers/9781644450383.jpg,OL28199684M,9781644450383,68000.0
115,Into the Water,Paula Hawkins,Penguin Publishing Group,2018.0,400.0,Thriller,Female,Fiction,"Mystery, Suspense, Psychological, Crime, Drama",2022-08,https://raw.githubusercontent.com/underscore-stack/BookTracker-Data/main/covers/9780735211223.jpg,OL26362212M,9780735211223,100000.0
116,SPQR,Mary Beard,Liveright Publishing Corporation,2016.0,608.0,History,Female,Non-fiction,"Ancient Rome, Roman Empire, Classical Studies, Non-Fiction",2022-09,https://raw.githubusercontent.com/underscore-stack/BookTracker-Data/main/covers/9781631492228.jpg,OL29257077M,9781631492228,152000.0
117,"Wrong Place, Wrong Time",Gillian McAllister,HarperCollins Publishers,2022.0,368.0,Thriller,Female,Fiction,"Time Travel, Suspense, Crime, Mystery, Psychological",2022-09,https://raw.githubusercontent.com/underscore-stack/BookTracker-Data/main/covers/9780063252349.jpg,OL36929999M,9780063252349,92000.0
118,Fairy Tale,Stephen King,Scribner,2022.0,608.0,Fantasy,Male,Fiction,"Supernatural, Coming-Of-Age, Adventure, Parallel Worlds, Dark Fantasy",2022-09,https://raw.githubusercontent.com/underscore-stack/BookTracker-Data/main/covers/9781668002179.jpg,OL37623715M,9781668002179,152000.0
119,A Distant Mirror,Barbara Wertheim Tuchman,Ballantine Books,1987.0,704.0,History,Female,Non-fiction,"14th Century, Medieval Europe, Historical Analysis, Black Death, Hundred Years' War",2022-09,https://raw.githubusercontent.com/underscore-stack/BookTracker-Data/main/covers/9780345349576.jpg,OL9657356M,9780345349576,176000.0
120,The Immortal Life of Henrietta Lacks,Rebecca Skloot,Broadway Paperbacks,2011.0,381.0,Non-fiction,Female,Non-fiction,"Medical Ethics, Biography, Science, History, Race",2022-09,https://raw.githubusercontent.com/underscore-stack/BookTracker-Data/main/covers/9781400052189.jpg,OL23962107M,9781400052189,95250.0
121,Stolen Focus,Johann Hari,Crown,2023.0,368.0,Non-fiction,Male,Non-fiction,"Attention, Technology, Society, Psychology, Productivity",2022-09,https://raw.githubusercontent.com/underscore-stack/BookTracker-Data/main/covers/9780593138533.jpg,OL41087437M,9780593138533,92000.0
122,Woman of No Importance,Sonia Purnell,Penguin Publishing Group,2020.0,368.0,Biography,Female,Non-fiction,"Virginia Hall, World War Ii, Espionage, Resistance, History",2022-10,https://raw.githubusercontent.com/underscore-stack/BookTracker-Data/main/covers/9780735225312.jpg,OL30196232M,9780735225312,92000.0
123,The Little Stranger,Sarah Waters,Riverhead Books,2018.0,528.0,Gothic Horror,Female,Fiction,"Haunted House, Post-War England, Psychological Suspense, Family Secrets",2022-10,https://raw.githubusercontent.com/underscore-stack/BookTracker-Data/main/covers/9780525541585.jpg,OL32437002M,9780525541585,132000.0
124,Beloved,Toni Morrison,Vintage International,2004.0,321.0,Historical Fiction,Female,Fiction,"Slavery, African American, Haunting, Trauma, Family",2022-10,https://raw.githubusercontent.com/underscore-stack/BookTracker-Data/main/covers/9781400033416.jpg,OL3382018M,9781400033416,80250.0
125,On Writing,Stephen King,Scribner,2020.0,320.0,Non-fiction,Male,Non-fiction,"Writing, Memoir, Creativity, Advice, Autobiography",2022-10,https://raw.githubusercontent.com/underscore-stack/BookTracker-Data/main/covers/9781982159375.jpg,OL29883862M,9781982159375,80000.0
126,Reality Check,Peter Abrahams,HarperTeen,2010.0,352.0,Mystery,Male,Fiction,"High School, Suspense, Missing Persons, Thriller",2022-10,https://raw.githubusercontent.com/underscore-stack/BookTracker-Data/main/covers/9780061227684.jpg,OL24088667M,9780061227684,88000.0
127,Hallucinations,Oliver Sacks,Vintage,2013.0,352.0,Non-fiction,Male,Non-fiction,"Neuroscience, Psychology, Hallucinations, Case Studies, Oliver Sacks",2022-10,https://raw.githubusercontent.com/underscore-stack/BookTracker-Data/main/covers/9780307947437.jpg,OL30539702M,9780307947437,88000.0
128,Shrines of Gaiety,Doubleday,Knopf Doubleday Publishing Group,2022.0,384.0,Historical Fiction,Female,Fiction,"1920s, Nightlife, London, Crime, Society",2022-10,https://raw.githubusercontent.com/underscore-stack/BookTracker-Data/main/covers/9780385547970.jpg,OL37735505M,9780385547970,96000.0
129,Survive the Night,Riley Sager,Dutton,2022.0,352.0,Thriller,Female,Fiction,"Suspense, Psychological, Mystery, Road Trip",2022-10,https://raw.githubusercontent.com/underscore-stack/BookTracker-Data/main/covers/9780593183182.jpg,OL37926575M,9780593183182,88000.0
130,Nightcrawling,Leila Mottley,"Knopf Incorporated, Alfred A.",2022.0,288.0,Literary Fiction,Female,Fiction,"Urban Life, Social Issues, Young Adult, Crime, Family Dynamics",2022-11,https://raw.githubusercontent.com/underscore-stack/BookTracker-Data/main/covers/9780593318935.jpg,OL34225352M,9780593318935,72000.0
131,Case histories,Kate Atkinson,Back Bay Books,2005.0,399.0,Mystery,Female,Fiction,"Cold Cases, Detective Fiction, Family Secrets, Psychological Drama",2022-11,https://raw.githubusercontent.com/underscore-stack/BookTracker-Data/main/covers/9780316010702.jpg,OL15592801M,9780316010702,99750.0
132,Glory,NoViolet Bulawayo,Penguin Publishing Group,2022.0,400.0,Literary Fiction,Female,Fiction,"Political Satire, Zimbabwe, Allegory, Social Commentary, Animal Characters",2022-11,https://raw.githubusercontent.com/underscore-stack/BookTracker-Data/main/covers/9780525561132.jpg,OL34144543M,9780525561132,100000.0
133,How High We Go in the Dark,Sequoia Nagamatsu,HarperCollins Publishers,2022.0,320.0,Science Fiction,Male,Fiction,"Pandemic, Interconnected Stories, Dystopian, Speculative Fiction, Future Society",2022-11,https://raw.githubusercontent.com/underscore-stack/BookTracker-Data/main/covers/9780063072657.jpg,OL37488658M,9780063072657,80000.0
134,Circe,Madeline Miller,Back Bay Books,2020.0,416.0,Fantasy,Female,Fiction,"Greek Mythology, Retelling, Witchcraft, Epic, Transformation",2022-12,https://raw.githubusercontent.com/underscore-stack/BookTracker-Data/main/covers/9780316556323.jpg,OL28266370M,9780316556323,104000.0
135,Pax,Sara Pennypacker,Balzer + Bray,2019.0,304.0,Children's Fiction,Female,Fiction,"Friendship, Adventure, Animals, War, Family",2022-12,https://raw.githubusercontent.com/underscore-stack/BookTracker-Data/main/covers/9780062377029.jpg,OL27332748M,9780062377029,76000.0
136,Snow Falling on Cedars,David Guterson,Harcourt Brace & Company,2000.0,368.0,Historical Fiction,Male,Fiction,"Post-World War Ii, Mystery, Romance, Racism, Courtroom Drama",2022-12,https://raw.githubusercontent.com/underscore-stack/BookTracker-Data/main/covers/9780582419285.jpg,OL7881106M,9780582419285,92000.0
137,The New Jim Crow,Michelle Alexander,The New Press,2020.0,352.0,Non-fiction,Female,Non-fiction,"Mass Incarceration, Racial Justice, Criminal Justice System, Civil Rights, Social Issues",2022-12,https://raw.githubusercontent.com/underscore-stack/BookTracker-Data/main/covers/9781620971932.jpg,OL51172305M,9781620971932,88000.0
138,The Trees,Percival Everett,Graywolf Press,2021.0,288.0,Mystery,Male,Fiction,"Southern Gothic, Racial Tension, Satire, Crime Investigation",2022-12,https://raw.githubusercontent.com/underscore-stack/BookTracker-Data/main/covers/9781644450642.jpg,OL32482709M,9781644450642,72000.0
139,Upgrade,Blake Crouch,Random House Publishing Group,2022.0,352.0,Science Fiction,Male,Fiction,"Genetic Engineering, Thriller, Dystopian, Technology, Suspense",2022-12,https://raw.githubusercontent.com/underscore-stack/BookTracker-Data/main/covers/9780593157534.jpg,OL36113479M,9780593157534,88000.0
140,Leaving Time,Jodi Picoult,Ballantine Books,2014.0,496.0,Fiction,Female,Fiction,"Mystery, Family Drama, Elephants, Grief, Mother-Daughter Relationship",2023-01,https://raw.githubusercontent.com/underscore-stack/BookTracker-Data/main/covers/9780345544940.jpg,OL27900669M,9780345544940,124000.0
141,More Than You'll Ever Know,Katie Gutierrez,HarperCollins Publishers,2022.0,336.0,Thriller,Female,Fiction,"Suspense, Mystery, Dual Narrative, Family Secrets, Crime",2023-01,https://raw.githubusercontent.com/underscore-stack/BookTracker-Data/main/covers/63118459.jpg,OL40123108M,63118459,84000.0
142,Hawksmoor,Peter Ackroyd,Abacus,1986.0,217.0,Historical Fiction,Male,Fiction,"Dual Narrative, Mystery, London, Architecture, Crime",2023-01,https://raw.githubusercontent.com/underscore-stack/BookTracker-Data/main/covers/140171134.jpg,OL24382451M,140171134,54250.0
143,One Good Turn,Kate Atkinson,Back Bay Books,2007.0,448.0,Mystery,Female,Fiction,"Crime, Suspense, Detective, Thriller, British Fiction",2023-01,https://raw.githubusercontent.com/underscore-stack/BookTracker-Data/main/covers/9780316012829.jpg,OL9853455M,9780316012829,112000.0
144,Billy Liar,Keith Waterhouse,Penguin,1962.0,187.0,Comedy,Male,Fiction,"Daydreams, Coming-Of-Age, British, Humor, Escapism",2023-01,https://raw.githubusercontent.com/underscore-stack/BookTracker-Data/main/covers/9780140017830.jpg,OL22592481M,9780140017830,46750.0
145,The Origin of Consciousness in the Breakdown of the Bicameral Mind,Julian Jaynes,First Mariner Books,1976.0,512.0,Psychology,Male,Non-fiction,"Consciousness, Bicameral Mind, Cognitive Science, Philosophy, Human History",2023-02,https://raw.githubusercontent.com/underscore-stack/BookTracker-Data/main/covers/9780618057078.jpg,OL25950674M,9780618057078,128000.0
146,Invisible Women,Caroline Criado Perez,Harry N. Abrams,2019.0,272.0,Non-fiction,Female,Non-fiction,"Gender Studies, Data Analysis, Social Issues, Feminism, Inequality",2023-02,https://raw.githubusercontent.com/underscore-stack/BookTracker-Data/main/covers/9781419729072.jpg,OL27338308M,9781419729072,68000.0
147,Insomnia,Sarah Pinborough,HarperCollins Publishers,2022.0,352.0,Thriller,Female,Fiction,"Psychological Suspense, Sleep Disorders, Mystery, Family Drama",2023-02,https://raw.githubusercontent.com/underscore-stack/BookTracker-Data/main/covers/9780062856845.jpg,OL35078939M,9780062856845,88000.0
148,The Brief Wondrous Life of Oscar Wao,Junot Díaz,Riverhead Books,2007.0,339.0,Literary Fiction,Male,Fiction,"Dominican-American, Family Saga, Magical Realism, Identity, History",2023-02,https://raw.githubusercontent.com/underscore-stack/BookTracker-Data/main/covers/1594489580.jpg,OL17237830M,1594489580,84750.0
149,Behind Her Eyes,Sarah Pinborough,Flatiron Books,2018.0,320.0,Psychological Thriller,Female,Fiction,"Suspense, Mystery, Supernatural, Dark, Twists",2023-02,https://raw.githubusercontent.com/underscore-stack/BookTracker-Data/main/covers/1250111196.jpg,OL27223550M,1250111196,80000.0
150,Seven Moons of Maali Almeida,Shehan Karunatilaka,Sort of Books,2022.0,368.0,Literary Fiction,Male,Fiction,"Sri Lanka, Supernatural, Mystery, Afterlife, War, Political Intrigue",2023-03,https://raw.githubusercontent.com/underscore-stack/BookTracker-Data/main/covers/1908745908.jpg,OL38005812M,1908745908,92000.0
151,The Help,"Stockett, Kathryn",Berkley Books,2011.0,544.0,Historical Fiction,Female,Fiction,"Civil Rights, 1960s, Racism, Friendship, Southern United States",2023-03,https://raw.githubusercontent.com/underscore-stack/BookTracker-Data/main/covers/425232204.jpg,OL16990642M,425232204,136000.0
152,A wrinkle in time,Madeleine L'Engle,Square Fish,2007.0,245.0,Science Fiction,Female,Fiction,"Time Travel, Adventure, Young Adult, Fantasy, Classic",2023-03,https://raw.githubusercontent.com/underscore-stack/BookTracker-Data/main/covers/9780312367541.jpg,OL20928925M,9780312367541,61250.0
153,The Twist of the Knife,Anthony Horowitz,Harper,2022.0,400.0,Mystery,Male,Fiction,"Detective Fiction, Murder Investigation, Crime, Suspense, Whodunit",2023-03,https://raw.githubusercontent.com/underscore-stack/BookTracker-Data/main/covers/9780062938183.jpg,OL37351488M,9780062938183,100000.0
154,Swimmers,Julie Otsuka,Knopf Doubleday Publishing Group,2022.0,176.0,Literary Fiction,Female,Fiction,"Memory, Community, Identity, Introspection, Relationships",2023-03,https://raw.githubusercontent.com/underscore-stack/BookTracker-Data/main/covers/593321332.jpg,OL34981157M,593321332,44000.0
155,The age of American unreason,Susan Jacoby,Vintage Books,2009.0,357.0,Non-fiction,Female,Non-fiction,"American Culture, Intellectual History, Societal Critique, Anti-Intellectualism, Cultural Analysis",2023-03,https://raw.githubusercontent.com/underscore-stack/BookTracker-Data/main/covers/1400096383.jpg,OL23218879M,1400096383,89250.0
156,The Revisionaries,A. R. Moxton,Melville House,2019.0,600.0,Science Fiction,Male,Fiction,"Dystopian, Speculative Fiction, Future Society, Social Commentary",2023-04,https://raw.githubusercontent.com/underscore-stack/BookTracker-Data/main/covers/1612197981.jpg,OL27787054M,1612197981,150000.0
157,Longitude,Dava Sobel,Bloomsbury,2007.0,208.0,Non-fiction,Female,Non-fiction,"History, Exploration, Navigation, Science, Maritime",2023-04,https://raw.githubusercontent.com/underscore-stack/BookTracker-Data/main/covers/7790163.jpg,OL785217M,7790163,52000.0
158,The Other Black Girl,Zakiya Dalila Harris,Atria Books,2021.0,368.0,Thriller,Female,Fiction,"Workplace, Race, Suspense, Publishing Industry, Psychological",2023-04,https://raw.githubusercontent.com/underscore-stack/BookTracker-Data/main/covers/1982160136.jpg,OL31933475M,1982160136,92000.0
159,The White Ship,Charles Spencer,William Collins,2022.0,352.0,History,Male,Non-fiction,"Medieval England, Historical Events, Maritime Disaster, 12th Century, Royalty",2023-04,https://raw.githubusercontent.com/underscore-stack/BookTracker-Data/main/covers/8296847.jpg,OL32883710M,8296847,88000.0
160,Suspect,Robert Crais,Putnam,2013.0,312.0,Crime Fiction,Male,Fiction,"Detective, Suspense, Mystery, Police Procedural, Thriller",2023-05,https://raw.githubusercontent.com/underscore-stack/BookTracker-Data/main/covers/399161481.jpg,OL29154148M,399161481,78000.0
161,The Employees,Olga Ravn,Lolli Editions,2020.0,144.0,Science Fiction,Female,Fiction,"Dystopian, Workplace, Speculative, Futuristic, Existential",2023-05,https://raw.githubusercontent.com/underscore-stack/BookTracker-Data/main/covers/1999992881.jpg,OL35547833M,1999992881,36000.0
162,The Singularities,John Banville,Knopf,2022.0,320.0,Literary Fiction,Male,Fiction,"Identity, Metafiction, Philosophical, Narrative Structure",2023-05,https://raw.githubusercontent.com/underscore-stack/BookTracker-Data/main/covers/525655174.jpg,OL36693968M,525655174,80000.0
163,Tell Me an Ending,Jo Harkin,Scribner,2022.0,448.0,Science Fiction,Female,Fiction,"Memory, Dystopian, Psychological, Speculative, Futuristic",2023-05,https://raw.githubusercontent.com/underscore-stack/BookTracker-Data/main/covers/1982164328.jpg,OL34144250M,1982164328,112000.0
164,Killers of the Flower Moon,David Grann,Doubleday,2017.0,338.0,Non-fiction,Male,Non-fiction,"True Crime, History, Native American, Osage Murders, 1920s, Fbi",2023-05,https://raw.githubusercontent.com/underscore-stack/BookTracker-Data/main/covers/9780385534246.jpg,OL26368356M,9780385534246,84500.0
165,The Circle,Dave Eggers,Aflred A. Knopf - McSweeney's Books,2013.0,491.0,Dystopian Fiction,Male,Fiction,"Technology, Surveillance, Social Media, Privacy, Corporate Culture",2023-05,https://raw.githubusercontent.com/underscore-stack/BookTracker-Data/main/covers/385351399.jpg,OL28524829M,385351399,122750.0
166,Before I Go to Sleep,S. J. Watson,Harper Paperbacks,2012.0,368.0,Psychological Thriller,Female,Fiction,"Memory Loss, Suspense, Amnesia, Mystery, Psychological Drama",2023-06,https://raw.githubusercontent.com/underscore-stack/BookTracker-Data/main/covers/9780062060563.jpg,OL32217786M,9780062060563,92000.0
167,The Queen's gambit,Walter S. Tevis,Vintage Contemporaries,2003.0,243.0,Fiction,Male,Fiction,"Chess, Coming-Of-Age, Addiction, 1960s, Prodigy",2023-06,https://raw.githubusercontent.com/underscore-stack/BookTracker-Data/main/covers/1400030609.jpg,OL3701595M,1400030609,60750.0
168,Dear Life,Alice Munro,Vintage,2013.0,336.0,Short Stories,Female,Fiction,"Canadian Literature, Contemporary Fiction, Human Relationships, Introspective, Life Experiences",2023-06,https://raw.githubusercontent.com/underscore-stack/BookTracker-Data/main/covers/307743721.jpg,OL30152559M,307743721,84000.0
169,Where are the children?,Mary Higgins Clark,Pocket Books,2005.0,288.0,Mystery/Thriller,Female,Fiction,"Suspense, Crime, Psychological, Disappearance, Family Secrets",2023-06,https://raw.githubusercontent.com/underscore-stack/BookTracker-Data/main/covers/9781416507772.jpg,OL3474155M,9781416507772,72000.0
170,Act of Oblivion,Robert Harris,HarperCollins Publishers,2022.0,304.0,Historical Fiction,Male,Fiction,"17th Century, English Civil War, Political Intrigue, Manhunt",2023-06,https://raw.githubusercontent.com/underscore-stack/BookTracker-Data/main/covers/006324800X.jpg,OL37672077M,006324800X,76000.0
171,Cell,Stephen King,Scribner,2006.0,480.0,Horror,Male,Fiction,"Apocalypse, Technology, Zombies, Thriller, Survival",2023-06,https://raw.githubusercontent.com/underscore-stack/BookTracker-Data/main/covers/1982189983.jpg,OL35297247M,1982189983,120000.0
172,Empireland,Sathnam Sanghera,Viking,2021.0,352.0,Non-fiction,Male,Non-fiction,"British Empire, History, Colonialism, Race, Identity",2023-06,https://raw.githubusercontent.com/underscore-stack/BookTracker-Data/main/covers/241445299.jpg,OL32194760M,241445299,88000.0
173,Bullshit Jobs,David Graeber,Simon & Schuster,2019.0,368.0,Non-fiction,Male,Non-fiction,"Work, Society, Economics, Anthropology, Critique",2023-07,https://raw.githubusercontent.com/underscore-stack/BookTracker-Data/main/covers/1501143336.jpg,OL27333998M,1501143336,92000.0
174,No Plan B,"Lee Child, Andrew Child",Random House Publishing Group,2023.0,384.0,Thriller,Male,Non-fiction,"Jack Reacher, Action, Suspense, Crime, Mystery",2023-07,https://raw.githubusercontent.com/underscore-stack/BookTracker-Data/main/covers/1984818562.jpg,OL46771572M,1984818562,96000.0
175,Terry Pratchett : a Life with Footnotes,Rob Wilkins,Transworld Publishers Limited,2022.0,336.0,Biography,Male,Non-fiction,"Terry Pratchett, Memoir, Author Biography, Literary History, Discworld",2023-07,https://raw.githubusercontent.com/underscore-stack/BookTracker-Data/main/covers/9780857526649.jpg,OL38057058M,9780857526649,84000.0
176,Dog of the North,Elizabeth McKenzie,Penguin Publishing Group,2023.0,352.0,Literary Fiction,Female,Fiction,"Family Dynamics, Humor, Self-Discovery, Relationships, Contemporary Fiction",2023-07,https://raw.githubusercontent.com/underscore-stack/BookTracker-Data/main/covers/593300696.jpg,OL38497959M,593300696,88000.0
177,The Girls,Emma Cline,Random House Trade Paperbacks,2017.0,368.0,Fiction,Female,Fiction,"Cults, Coming-Of-Age, 1960s, Psychological Drama, California",2023-07,https://raw.githubusercontent.com/underscore-stack/BookTracker-Data/main/covers/812988027.jpg,OL25935298M,812988027,92000.0
178,The Heart Goes Last,Margaret Atwood,Random House,2015.0,308.0,Dystopian Fiction,Female,Fiction,"Dystopia, Speculative Fiction, Social Commentary, Futuristic Society",2023-07,https://raw.githubusercontent.com/underscore-stack/BookTracker-Data/main/covers/9781101912362.jpg,OL26160362M,9781101912362,77000.0
179,Wager,David Grann,Knopf Doubleday Publishing Group,2023.0,352.0,Non-fiction,Male,Fiction,"Exploration, Survival, History, Maritime, Adventure",2023-07,https://raw.githubusercontent.com/underscore-stack/BookTracker-Data/main/covers/9780385534260.jpg,OL39451844M,9780385534260,88000.0
180,While Justice Sleeps,Stacey Abrams,Doubleday,2021.0,384.0,Legal Thriller,Female,Fiction,"Political Intrigue, Supreme Court, Suspense, Mystery, Legal Drama",2023-08,https://raw.githubusercontent.com/underscore-stack/BookTracker-Data/main/covers/9780385546577.jpg,OL32216274M,9780385546577,96000.0
181,The river of doubt,Candice Millard,Broadway Books,2005.0,416.0,Non-fiction,Female,Non-fiction,"Exploration, Adventure, History, Theodore Roosevelt, Amazon Rainforest",2023-08,https://raw.githubusercontent.com/underscore-stack/BookTracker-Data/main/covers/9780767913737.jpg,OL24218482M,9780767913737,104000.0
182,The devil all the time,Donald Ray Pollock,Doubleday,2011.0,261.0,Southern Gothic,Male,Fiction,"Violence, Rural America, Psychological, Dark, Crime",2023-08,https://raw.githubusercontent.com/underscore-stack/BookTracker-Data/main/covers/9780307744869.jpg,OL25008464M,9780307744869,65250.0
183,"Poverty, by America",Matthew Desmond,"Crown Publishing Group, The",2023.0,288.0,Non-fiction,Male,Non-fiction,"Poverty, Sociology, Economics, Social Justice, Inequality",2023-08,https://raw.githubusercontent.com/underscore-stack/BookTracker-Data/main/covers/9780593239919.jpg,OL38918072M,9780593239919,72000.0
184,Strange Sally Diamond,Liz Nugent,Gallery Books,2023.0,320.0,Psychological Thriller,Female,Fiction,"Suspense, Mystery, Dark Humor, Psychological Drama",2023-08,https://raw.githubusercontent.com/underscore-stack/BookTracker-Data/main/covers/1501189719.jpg,OL42752170M,1501189719,80000.0
185,"Destiny of the Republic: A Tale of Madness, Medicine and the Murder of a President",Candice Millard,Anchor Books,2012.0,432.0,Non-fiction,Female,Non-fiction,"American History, Biography, Political Assassination, Medicine, 19th Century",2023-09,https://raw.githubusercontent.com/underscore-stack/BookTracker-Data/main/covers/767929713.jpg,OL26797686M,767929713,108000.0
186,Looking Glass Sound,Catriona Ward,"Doherty Associates, LLC, Tom",2023.0,304.0,Horror,Female,Fiction,"Psychological Thriller, Mystery, Dark Secrets, Coastal Setting, Suspense",2023-09,https://raw.githubusercontent.com/underscore-stack/BookTracker-Data/main/covers/9781250860026.jpg,OL38122564M,9781250860026,76000.0
187,Holly,Stephen King,Scribner,2023.0,464.0,Horror,Male,Fiction,"Suspense, Crime, Thriller, Mystery, Supernatural",2023-09,https://raw.githubusercontent.com/underscore-stack/BookTracker-Data/main/covers/1668016133.jpg,OL46119383M,1668016133,116000.0
188,Toy Fights,Don Paterson,Liveright Publishing Corporation,2023.0,384.0,Memoir,Male,Non-fiction,"Autobiography, Scottish, Poet, Childhood, Personal-Reflection",2023-09,https://raw.githubusercontent.com/underscore-stack/BookTracker-Data/main/covers/1324093625.jpg,OL40328451M,1324093625,96000.0
189,The Hustler,Walter S. Tevis,Thunder's Mouth Press,2002.0,223.0,Fiction,Male,Fiction,"Billiards, Hustling, 1950s, Competition, Drama",2023-09,https://raw.githubusercontent.com/underscore-stack/BookTracker-Data/main/covers/1560254734.jpg,OL15382892M,1560254734,55750.0
190,Demon Copperhead,Barbara Kingsolver,HarperCollins Publishers,2022.0,560.0,Literary Fiction,Female,Fiction,"Appalachia, Coming-Of-Age, Social Issues, Contemporary Fiction, Adaptation",2023-10,https://raw.githubusercontent.com/underscore-stack/BookTracker-Data/main/covers/9780063251922.jpg,OL37691725M,9780063251922,140000.0
191,Big Machine,Victor LaValle,Spiegel & Grau,2010.0,384.0,Horror,Male,Fiction,"Cults, Mystery, Supernatural, Redemption, Thriller",2023-10,https://raw.githubusercontent.com/underscore-stack/BookTracker-Data/main/covers/385527993.jpg,OL24091651M,385527993,96000.0
192,The List,Yomi Adegoke,HarperCollins Publishers,2023.0,336.0,Contemporary Fiction,Female,Fiction,"Social Media, Modern Relationships, Women's Fiction, Cultural Commentary",2023-10,https://raw.githubusercontent.com/underscore-stack/BookTracker-Data/main/covers/63274876.jpg,OL49821096M,63274876,84000.0
193,Devolution,Max Brooks,Del Rey,2021.0,304.0,Horror,Male,Fiction,"Bigfoot, Survival, Thriller, Wilderness, Suspense",2023-10,https://raw.githubusercontent.com/underscore-stack/BookTracker-Data/main/covers/1984826808.jpg,OL31978980M,1984826808,76000.0
194,Get in Trouble,Kelly Link,Random House Trade Paperbacks,2016.0,368.0,Fantasy,Female,Fiction,"Short Stories, Magical Realism, Speculative Fiction, Contemporary, Supernatural",2023-10,https://raw.githubusercontent.com/underscore-stack/BookTracker-Data/main/covers/812986490.jpg,OL26586445M,812986490,92000.0
195,Knowing What We Know,Simon Winchester,HarperCollins Publishers,2023.0,464.0,Non-fiction,Male,Non-fiction,"Knowledge, History, Information, Human Understanding, Learning",2023-10,https://raw.githubusercontent.com/underscore-stack/BookTracker-Data/main/covers/63142880.jpg,OL39647029M,63142880,116000.0
196,Silver Nitrate,Silvia Moreno-Garcia,Del Rey,2023.0,336.0,Horror,Female,Fiction,"Mexican Folklore, Supernatural, Thriller, Film Industry, Dark Magic",2023-11,https://raw.githubusercontent.com/underscore-stack/BookTracker-Data/main/covers/593355369.jpg,OL39272032M,593355369,84000.0
197,The man who fell to earth,Walter S. Tevis,Bloomsbury Publishing,2000.0,185.0,Science Fiction,Male,Fiction,"Alien, Extraterrestrial, Survival, Isolation, Technology",2023-11,https://raw.githubusercontent.com/underscore-stack/BookTracker-Data/main/covers/9780747554158.jpg,OL51647925M,9780747554158,46250.0
198,The moonstone,Wilkie Collins,Broadview Press,1999.0,719.0,Mystery,Male,Fiction,"Detective Fiction, Classic Literature, British Novel, Crime, Suspense",2023-11,https://raw.githubusercontent.com/underscore-stack/BookTracker-Data/main/covers/9781551112435.jpg,OL16969199M,9781551112435,179750.0
199,The power,Naomi Alderman,"Little, Brown and Company",2017.0,386.0,Science Fiction,Female,Fiction,"Dystopian, Gender Dynamics, Speculative Fiction, Power Shift, Feminism",2023-11,https://raw.githubusercontent.com/underscore-stack/BookTracker-Data/main/covers/316547611.jpg,OL26211727M,316547611,96500.0
200,The Overstory,Richard Powers,W. W. Norton & Company,2019.0,512.0,Literary Fiction,Male,Fiction,"Environmentalism, Interconnected Stories, Trees, Nature, Activism",2023-12,https://raw.githubusercontent.com/underscore-stack/BookTracker-Data/main/covers/9780393356687.jpg,OL27344936M,9780393356687,128000.0
201,A Long Way from Home,Peter Carey,Random House Canada,2018.0,336.0,Literary Fiction,Male,Fiction,"Australia, Road Trip, Race Relations, Family Dynamics, 1950s",2023-12,https://raw.githubusercontent.com/underscore-stack/BookTracker-Data/main/covers/9780735273863.jpg,OL27380234M,9780735273863,84000.0
202,Nutshell: A Novel,Ian McEwan,Anchor,2017.0,224.0,Literary Fiction,Male,Fiction,"Suspense, Psychological, Murder, Family Drama, Modern Retelling",2023-12,https://raw.githubusercontent.com/underscore-stack/BookTracker-Data/main/covers/525431942.jpg,OL26809442M,525431942,56000.0
203,I Have Some Questions for You,Rebecca Makkai,Penguin Publishing Group,2023.0,400.0,Mystery,Female,Fiction,"Suspense, Crime, Investigation, Academia, Thriller",2023-12,https://raw.githubusercontent.com/underscore-stack/BookTracker-Data/main/covers/9780593490143.jpg,OL38527376M,9780593490143,100000.0
204,The Guest,Emma Cline,Random House,2023.0,304.0,Literary Fiction,Female,Fiction,"Identity, Relationships, Suspense, Psychological Exploration",2023-12,https://raw.githubusercontent.com/underscore-stack/BookTracker-Data/main/covers/812998626.jpg,OL51131677M,812998626,76000.0
205,River of the Gods,Candice Millard,Anchor,2023.0,400.0,Non-fiction,Female,Non-fiction,"Exploration, History, Biography, Africa, 19th Century",2024-01,https://raw.githubusercontent.com/underscore-stack/BookTracker-Data/main/covers/9780525435648.jpg,OL46537881M,9780525435648,100000.0
206,The English Understand Wool,Helen DeWitt,New Directions,2022.0,64.0,Literary Fiction,Female,Fiction,"Cultural Identity, Satire, Coming-Of-Age, Class Dynamics",2024-01,https://raw.githubusercontent.com/underscore-stack/BookTracker-Data/main/covers/9780811230070.jpg,OL40207378M,9780811230070,16000.0
207,The sense of an ending,Julian Barnes,Vintage International/Vintage Books,2012.0,163.0,Literary Fiction,Male,Fiction,"Memory, Reflection, Relationships, Mystery, Time",2024-01,https://raw.githubusercontent.com/underscore-stack/BookTracker-Data/main/covers/307947726.jpg,OL25123891M,307947726,40750.0
208,How To: Absurd Scientific Advice for Common Real-World Problems,Randal Monroe,Riverhead Books,2019.0,320.0,Non-fiction,Male,Non-fiction,"Science, Humor, Problem-Solving, Advice, Absurd",2024-01,https://raw.githubusercontent.com/underscore-stack/BookTracker-Data/main/covers/9780525537090.jpg,OL27308845M,9780525537090,80000.0
209,American Gun,"Cameron McWhirter, Zusha Elinson","Farrar, Straus & Giroux",2023.0,496.0,Non-fiction,Multiple,Non-fiction,"Gun Culture, American History, Firearms, Social Issues, Second Amendment",2024-01,https://raw.githubusercontent.com/underscore-stack/BookTracker-Data/main/covers/374103852.jpg,OL46256896M,374103852,124000.0
210,Vaster Wilds,Lauren Groff,Penguin Publishing Group,2023.0,272.0,Historical Fiction,Female,Fiction,"Survival, Colonial America, Adventure, Resilience",2024-01,https://raw.githubusercontent.com/underscore-stack/BookTracker-Data/main/covers/593418395.jpg,OL42809460M,593418395,68000.0
211,Everybody Knows,Jordan Harper,Little Brown & Company,2023.0,320.0,Crime Thriller,Male,Fiction,"Los Angeles, Corruption, Suspense, Crime Investigation, Noir",2024-01,https://raw.githubusercontent.com/underscore-stack/BookTracker-Data/main/covers/316457914.jpg,OL38410111M,316457914,80000.0
212,The Coming Wave,"Mustafa Suleyman, Michael Bhaskar","Crown Publishing Group, The",2023.0,352.0,Non-fiction,Male,Non-fiction,"Technology, Future, Innovation, Artificial Intelligence, Societal Impact",2024-02,https://raw.githubusercontent.com/underscore-stack/BookTracker-Data/main/covers/9780593593967.jpg,OL49766921M,9780593593967,88000.0
213,Cursed Bread,Sophie Mackintosh,Knopf Doubleday Publishing Group,2023.0,208.0,Literary Fiction,Female,Fiction,"Psychological Drama, Historical Fiction, Mystery, Small-Town Life, Relationships",2024-02,https://raw.githubusercontent.com/underscore-stack/BookTracker-Data/main/covers/9780385548304.jpg,OL39367055M,9780385548304,52000.0
214,Circumference of the World,Lavie Tidhar,Tachyon Publications,2023.0,256.0,Science Fiction,Male,Fiction,"Multiverse, Mystery, Philosophical, Literature, Speculative Fiction",2024-02,https://raw.githubusercontent.com/underscore-stack/BookTracker-Data/main/covers/161696362X.jpg,OL48273228M,161696362X,64000.0
215,"The Wren, the Wren",Anne Enright,W. W. Norton & Company,2023.0,278.0,Literary Fiction,Female,Fiction,"Family, Relationships, Irish Literature, Generational Saga, Women's Fiction",2024-02,https://raw.githubusercontent.com/underscore-stack/BookTracker-Data/main/covers/9781324005681.jpg,OL50534608M,9781324005681,69500.0
216,The Dictionary People,Sarah Ogilvie,Knopf Doubleday Publishing Group,2023.0,336.0,Non-fiction,Female,Non-fiction,"Lexicography, Language, History, Dictionaries, Biography",2024-02,https://raw.githubusercontent.com/underscore-stack/BookTracker-Data/main/covers/9780593536407.jpg,OL46816153M,9780593536407,84000.0
217,Dark Places,Gillian Flynn,Crown/Archetype,2010.0,368.0,Thriller,Female,Fiction,"Mystery, Suspense, Crime, Psychological, Dark",2024-03,https://raw.githubusercontent.com/underscore-stack/BookTracker-Data/main/covers/9780307341570.jpg,OL28755784M,9780307341570,92000.0
218,The Name of the Rose,Umberto Eco,Harcourt Brace Jovanovich,1983.0,502.0,Historical Mystery,Male,Fiction,"Medieval, Detective, Monastery, Philosophy, Semiotics, Murder",2024-03,https://raw.githubusercontent.com/underscore-stack/BookTracker-Data/main/covers/151446474.jpg,OL16211578M,151446474,125500.0
219,Going Infinite,Michael Lewis,"Norton & Company, Incorporated, W. W.",2023.0,258.0,Non-fiction,Male,Non-fiction,"Finance, Biography, Cryptocurrency, Business, Technology",2024-03,https://raw.githubusercontent.com/underscore-stack/BookTracker-Data/main/covers/9781324074342.jpg,OL48309870M,9781324074342,64500.0
220,When Will There Be Good News,Kate Atkinson,Doubleday,2009.0,352.0,Mystery,Female,Fiction,"Crime, Suspense, Detective, Thriller, Investigation",2024-03,https://raw.githubusercontent.com/underscore-stack/BookTracker-Data/main/covers/9780552775342.jpg,OL32237279M,9780552775342,88000.0
221,The big sleep,Raymond Chandler,North Point Press,1989.0,249.0,Crime Fiction,Male,Fiction,"Detective, Noir, Mystery, Hardboiled, Classic",2024-04,https://raw.githubusercontent.com/underscore-stack/BookTracker-Data/main/covers/865474028.jpg,OL50999870M,865474028,62250.0
222,Ascension,Nicholas Binge,Penguin Publishing Group,2023.0,320.0,Science Fiction,Male,Fiction,"Mysterious Island, Scientific Expedition, Psychological Thriller, Adventure, Speculative Fiction",2024-04,https://raw.githubusercontent.com/underscore-stack/BookTracker-Data/main/covers/593539583.jpg,OL39408956M,593539583,80000.0
223,A House With Good Bones,T. Kingfisher,Tor Nightfire,2023.0,400.0,Horror,Female,Fiction,"Southern Gothic, Family Secrets, Supernatural, Suspense",2024-04,https://raw.githubusercontent.com/underscore-stack/BookTracker-Data/main/covers/1250829798.jpg,OL37877132M,1250829798,100000.0
224,Where the Crawdads Sing,Delia Owens,G.P. Putnam's Sons,2018.0,372.0,Fiction,Female,Fiction,"Coming-Of-Age, Mystery, Nature, Southern Gothic, Romance",2024-04,https://raw.githubusercontent.com/underscore-stack/BookTracker-Data/main/covers/059308585X.jpg,OL27253998M,059308585X,93000.0
225,Dune,Frank Herbert,CHILTON,1965.0,750.0,Science Fiction,Male,Fiction,"Desert Planet, Political Intrigue, Epic Saga, Futuristic Technology, Ecological Themes",2024-04,https://raw.githubusercontent.com/underscore-stack/BookTracker-Data/main/covers/9782724215908.jpg,OL31379919M,9782724215908,187500.0
226,The cat's table,Michael Ondaatje,Alfred A. Knopf,2011.0,304.0,Literary Fiction,Male,Fiction,"Coming-Of-Age, Adventure, 1950s, Ocean Voyage, Friendship",2024-05,https://raw.githubusercontent.com/underscore-stack/BookTracker-Data/main/covers/9780307700117.jpg,OL24906361M,9780307700117,76000.0
227,The Haunting of Hill House,Shirley Jackson,Penguin Classics,1959.0,272.0,Horror,Female,Fiction,"Supernatural, Psychological, Haunted House, Classic, Suspense",2024-05,https://raw.githubusercontent.com/underscore-stack/BookTracker-Data/main/covers/143129376.jpg,OL32029507M,143129376,68000.0
228,A Haunting on the Hill,Elizabeth Hand,Mulholland Books,2023.0,400.0,Horror,Female,Fiction,"Haunted House, Supernatural, Suspense, Psychological Thriller, Ghost Story",2024-05,https://raw.githubusercontent.com/underscore-stack/BookTracker-Data/main/covers/9780316527323.jpg,OL47095986M,9780316527323,100000.0
229,Meditations,Marcus Aurelius,Modern Library,160.0,256.0,Philosophy,Male,Non-fiction,"Stoicism, Ancient Rome, Self-Reflection, Personal Development",2024-05,https://raw.githubusercontent.com/underscore-stack/BookTracker-Data/main/covers/9780812968255.jpg,OL8020853M,9780812968255,64000.0
230,Reamde,Neal Stephenson,William Morrow,2011.0,1056.0,Thriller,Male,Fiction,"Cybercrime, Virtual Reality, Adventure, Espionage, Technology",2024-05,https://raw.githubusercontent.com/underscore-stack/BookTracker-Data/main/covers/9780061977961.jpg,OL32760954M,9780061977961,264000.0
231,Stone Blind,Natalie Haynes,Mantle,2022.0,384.0,Mythological Fiction,Female,Fiction,"Greek Mythology, Retelling, Medusa, Feminist Perspective, Ancient Greece",2024-05,https://raw.githubusercontent.com/underscore-stack/BookTracker-Data/main/covers/9781529061499.jpg,OL38792602M,9781529061499,96000.0
232,You Like It Darker: Stories,Stephen King,Scribner,2024.0,512.0,Horror,Male,Fiction,"Short Stories, Suspense, Supernatural, Psychological, Thriller",2024-06,https://raw.githubusercontent.com/underscore-stack/BookTracker-Data/main/covers/9781668037713.jpg,OL49853713M,9781668037713,128000.0
233,Disobedient Bodies,Emma Dabiri,Welcome Books,2023.0,128.0,Non-fiction,Female,Non-fiction,"Race, Identity, Body Politics, Cultural Studies",2024-06,https://raw.githubusercontent.com/underscore-stack/BookTracker-Data/main/covers/9781800817920.jpg,OL46579773M,9781800817920,32000.0
234,With the End in Mind,Kathryn Mannix,HarperCollins Publishers Limited,2017.0,352.0,Non-fiction,Female,Non-fiction,"Death And Dying, Palliative Care, End-Of-Life, Medical, Memoir",2024-06,https://raw.githubusercontent.com/underscore-stack/BookTracker-Data/main/covers/9780008210892.jpg,OL39260081M,9780008210892,88000.0
235,1493,Charles Mann,Knopf,2011.0,535.0,Non-fiction,Male,Non-fiction,"History, Globalization, Columbian Exchange, Environmental Impact, Cultural Exchange",2024-06,https://raw.githubusercontent.com/underscore-stack/BookTracker-Data/main/covers/9780307265722.jpg,OL24980696M,9780307265722,133750.0
236,The Unaccountability Machine,Dan Davies,Profile Books Limited,2024.0,320.0,Non-Fiction,Male,Non-fiction,"Economics, Accountability, Corporate Governance, Business, Finance",2024-07,https://raw.githubusercontent.com/underscore-stack/BookTracker-Data/main/covers/9781788169547.jpg,OL57617345M,9781788169547,80000.0
237,Goldfinch,Donna Tartt,little brown and company,2014.0,771.0,Literary Fiction,Female,Fiction,"Art, Coming-Of-Age, Trauma, Loss, Mystery",2024-07,https://raw.githubusercontent.com/underscore-stack/BookTracker-Data/main/covers/9781408704950.jpg,OL25449084M,9781408704950,192750.0
238,Fever in the Heartland,Timothy Egan,Penguin Publishing Group,2023.0,416.0,Non-fiction,Male,Non-fiction,"American History, Ku Klux Klan, 1920s, Social Issues, Biography",2024-07,https://raw.githubusercontent.com/underscore-stack/BookTracker-Data/main/covers/735225265.jpg,OL39375379M,735225265,104000.0
239,Wild Houses,Colin Barrett,Penguin Random House,2024.0,272.0,Literary Fiction,Male,Fiction,"Short Stories, Contemporary, Irish Literature, Character-Driven, Atmospheric",2024-07,https://raw.githubusercontent.com/underscore-stack/BookTracker-Data/main/covers/9780224101660.jpg,OL50640771M,9780224101660,68000.0
240,Kindred,Octavia E. Butler,Beacon Press,2022.0,272.0,Science Fiction,Female,Fiction,"Time Travel, Slavery, Historical Fiction, African American, Speculative Fiction",2024-07,https://raw.githubusercontent.com/underscore-stack/BookTracker-Data/main/covers/9780807006924.jpg,OL36630491M,9780807006924,68000.0
241,Peacock and the Sparrow,I. S. Berry,Atria Books,2023.0,320.0,Thriller,Female,Fiction,"Espionage, Middle East, Suspense, Intelligence, Intrigue",2024-08,https://raw.githubusercontent.com/underscore-stack/BookTracker-Data/main/covers/9781982194543.jpg,OL42831186M,9781982194543,80000.0
242,Bright Young Women,Jessica Knoll,S&S/ Marysue Rucci Books,2023.0,384.0,Thriller,Female,Fiction,"Suspense, Crime, Psychological, Mystery, Female Protagonist",2024-08,https://raw.githubusercontent.com/underscore-stack/BookTracker-Data/main/covers/1501153226.jpg,OL47317727M,1501153226,96000.0
243,Third Hotel,Laura Van Den Berg,Picador Paper,2019.0,224.0,Psychological Thriller,Female,Fiction,"Grief, Mystery, Surrealism, Identity, Cuba",2024-08,https://raw.githubusercontent.com/underscore-stack/BookTracker-Data/main/covers/9781250214881.jpg,OL28251456M,9781250214881,56000.0
244,Luckiest Girl Alive,Jessica Knoll,Simon & Schuster,2015.0,341.0,Thriller,Female,Fiction,"Psychological Suspense, Mystery, Dark Secrets, Women's Fiction, Trauma",2024-08,https://raw.githubusercontent.com/underscore-stack/BookTracker-Data/main/covers/1476789630.jpg,OL25934093M,1476789630,85250.0
245,Cuckoo,Gretchen Felker-Martin,"Doherty Associates, LLC, Tom",2023.0,272.0,Horror,Female,Fiction,"Dystopian, Body Horror, Psychological Thriller, Survival, Lgbtq+",2024-08,https://raw.githubusercontent.com/underscore-stack/BookTracker-Data/main/covers/9781250794666.jpg,OL39728240M,9781250794666,68000.0
246,What if? 2,Randal Monroe,Riverhead Books,2022.0,368.0,Non-fiction,Male,Non-fiction,"Science, Humor, Hypothetical Questions, Exploration, Physics",2024-08,https://raw.githubusercontent.com/underscore-stack/BookTracker-Data/main/covers/525537112.jpg,OL48932061M,525537112,92000.0
247,"Fen, Bog and Swamp",Annie Proulx,Scribner,2022.0,208.0,Non-fiction,Female,Non-fiction,"Ecology, Wetlands, Environmental Conservation, Nature, Climate Change",2024-08,https://raw.githubusercontent.com/underscore-stack/BookTracker-Data/main/covers/9781982173357.jpg,OL36102751M,9781982173357,52000.0
248,The color of water,James McBride,Riverhead Books,1996.0,228.0,Memoir,Male,Fiction,"Identity, Race, Family, Autobiography, Multiculturalism",2024-09,https://raw.githubusercontent.com/underscore-stack/BookTracker-Data/main/covers/1573220221.jpg,OL22157311M,1573220221,57000.0
249,Anomaly,"Hervé Le Tellier, Adriana Hunter","Other Press, LLC",2021.0,400.0,Science Fiction,Male,Fiction,"Parallel Universes, Mystery, Thriller, Existential Questions",2024-09,https://raw.githubusercontent.com/underscore-stack/BookTracker-Data/main/covers/1635421691.jpg,OL34117490M,1635421691,100000.0
250,Lords and Ladies,Terry Pratchett,Corgi,1993.0,381.0,Fantasy,Male,Fiction,"Discworld, Humor, Witches, Magic, Satire",2024-09,https://raw.githubusercontent.com/underscore-stack/BookTracker-Data/main/covers/9780552138918.jpg,OL24108163M,9780552138918,95250.0
251,Close to Death,Anthony Horowitz,Penguin Random House,2024.0,400.0,Mystery,Male,Fiction,"Crime, Detective, Suspense, Thriller, Investigation",2024-09,https://raw.githubusercontent.com/underscore-stack/BookTracker-Data/main/covers/9781529904239.jpg,OL50646148M,9781529904239,100000.0
252,Victim,Andrew Boryga,Knopf Doubleday Publishing Group,2024.0,288.0,Crime Thriller,Male,Fiction,"Crime, Suspense, Mystery, Investigation, Urban Setting",2024-09,https://raw.githubusercontent.com/underscore-stack/BookTracker-Data/main/covers/9780385549974.jpg,OL50729364M,9780385549974,72000.0
253,The Drunken Botanist,Amy Stewart,Algonquin Books,2013.0,400.0,Non-fiction,Female,Non-fiction,"Botany, Mixology, Plants, Alcohol, Gardening",2024-09,https://raw.githubusercontent.com/underscore-stack/BookTracker-Data/main/covers/1604694769.jpg,OL27571522M,1604694769,100000.0
254,Mr. Fox,Helen Oyeyemi,Riverhead Books,2011.0,336.0,Literary Fiction,Female,Fiction,"Fairy Tale, Metafiction, Romance, Magical Realism, Mystery",2024-10,https://raw.githubusercontent.com/underscore-stack/BookTracker-Data/main/covers/9781594488078.jpg,OL24839367M,9781594488078,84000.0
255,The Plot Against America,Philip Roth,Vintage International/Vintage Books,2004.0,391.0,Alternate History,Male,Fiction,"Fascism, Jewish-American Family, Political Fiction, 1940s America, Anti-Semitism",2024-10,https://raw.githubusercontent.com/underscore-stack/BookTracker-Data/main/covers/9781400079490.jpg,OL26614616M,9781400079490,97750.0
256,When We Cease to Understand the World,Benjamin Labatut,Pushkin Press,2020.0,192.0,Historical Fiction,Male,Fiction,"Science, History, Philosophy, Mathematics, Biography",2024-10,https://raw.githubusercontent.com/underscore-stack/BookTracker-Data/main/covers/9781681375663.jpg,OL32784674M,9781681375663,48000.0
257,Julia,Sandra Newman,Granta Books,2023.0,400.0,Dystopian Fiction,Female,Fiction,"Orwellian, Speculative, Totalitarianism, Reimagining, Surveillance",2024-10,https://raw.githubusercontent.com/underscore-stack/BookTracker-Data/main/covers/9781783789153.jpg,OL49509559M,9781783789153,100000.0
258,Nuclear War,Annie Jacobsen,Transworld Publishers Limited,2024.0,320.0,Non-fiction,Female,Non-fiction,"Nuclear Warfare, Military History, Global Security, Cold War, Defense Policy",2024-10,https://raw.githubusercontent.com/underscore-stack/BookTracker-Data/main/covers/9781911709596.jpg,OL50653332M,9781911709596,80000.0
259,Horror Movie,Paul Tremblay,HarperCollins Publishers,2024.0,288.0,Horror,Male,Fiction,"Psychological Thriller, Suspense, Supernatural, Fear, Tension",2024-11,https://raw.githubusercontent.com/underscore-stack/BookTracker-Data/main/covers/9780063070011.jpg,OL50710834M,9780063070011,72000.0
260,The Third Twin,Ken Follett,Pan Books,1997.0,632.0,Thriller,Male,Fiction,"Genetics, Conspiracy, Suspense, Mystery, Science",2024-11,https://raw.githubusercontent.com/underscore-stack/BookTracker-Data/main/covers/033034837X.jpg,OL20940924M,033034837X,158000.0
261,The book of love,Kelly Link,Random House Publishing Group,2024.0,625.0,Fantasy,Female,Fiction,"Short Stories, Magical Realism, Relationships, Surreal, Contemporary Fantasy",2024-11,https://raw.githubusercontent.com/underscore-stack/BookTracker-Data/main/covers/9780812996586.jpg,OL50705809M,9780812996586,156250.0
262,The Wood at Midwinter,Susanna Clarke,Bloomsbury Publishing,2024.0,64.0,Fantasy,Female,Fiction,"Magic, Folklore, Winter, Mystical, Atmospheric",2024-11,https://raw.githubusercontent.com/underscore-stack/BookTracker-Data/main/covers/9781639734498.jpg,OL56972975M,9781639734498,16000.0
263,Appleseed,Matt Bell,Custom House,2021.0,480.0,Science Fiction,Male,Fiction,"Climate Change, Dystopian, Speculative Fiction, Environmentalism",2024-12,https://raw.githubusercontent.com/underscore-stack/BookTracker-Data/main/covers/9780063040144.jpg,OL32538132M,9780063040144,120000.0
264,"Why Fish Don't Exist: A Story of Loss, Love, and the Hidden Order of Life",Lulu Miller,Simon Schuster,2020.0,255.0,Non-fiction,Female,Non-fiction,"Science, Biography, Nature, Philosophy, Memoir",2024-11,https://raw.githubusercontent.com/underscore-stack/BookTracker-Data/main/covers/9781501160271.jpg,OL28039829M,9781501160271,63750.0
265,Night Film,Marisha Pessl,Random House,2013.0,602.0,Thriller,Female,Fiction,"Mystery, Psychological, Suspense, Investigative Journalism",2024-12,https://raw.githubusercontent.com/underscore-stack/BookTracker-Data/main/covers/9781400067886.jpg,OL25429036M,9781400067886,150500.0
266,Anatomy of a disappearance,Hisham Matar,Dial Press,2011.0,224.0,Literary Fiction,Male,Fiction,"Disappearance, Family, Loss, Coming Of Age, Political Intrigue",2024-12,https://raw.githubusercontent.com/underscore-stack/BookTracker-Data/main/covers/385340443.jpg,OL32077017M,385340443,56000.0
267,Hunted,Abir Mukherjee,Vintage,2024.0,512.0,Historical Mystery,Male,Fiction,"British India, Detective, Crime, 1920s, Colonial Era",2024-12,https://raw.githubusercontent.com/underscore-stack/BookTracker-Data/main/covers/9781787302723.jpg,OL57388166M,9781787302723,128000.0
268,Anansi's Gold,Yepoka Yeebo,Bloomsbury Publishing USA,2022.0,384.0,Non-fiction,Female,Non-fiction,"True Crime, Fraud, African History, Biography, Financial Scandal",2025-01,https://raw.githubusercontent.com/underscore-stack/BookTracker-Data/main/covers/9781635574739.jpg,OL34228357M,9781635574739,96000.0
269,Shades of Grey,Jasper Fforde,Viking Adult,2008.0,352.0,Dystopian Fiction,Male,Fiction,"Color-Based Society, Satire, Speculative Fiction, Social Hierarchy, Humor",2025-01,https://raw.githubusercontent.com/underscore-stack/BookTracker-Data/main/covers/9780670019632.jpg,OL11067257M,9780670019632,88000.0
270,The Bright Sword: A Novel of King Arthur,Lev Grossman,Viking,2024.0,688.0,Historical Fiction,Male,Fiction,"King Arthur, Medieval, Legend, Adventure, Mythology",2025-01,https://raw.githubusercontent.com/underscore-stack/BookTracker-Data/main/covers/9780735224049.jpg,OL52937436M,9780735224049,172000.0
271,Madness,Antonia Hylton,Grand Central Publishing,2024.0,368.0,Non-fiction,Female,Non-fiction,"Mental Health, Memoir, Personal Journey, Psychology, Self-Discovery",2025-02,https://raw.githubusercontent.com/underscore-stack/BookTracker-Data/main/covers/9781538723692.jpg,OL50728919M,9781538723692,92000.0
272,All the Colors of the Dark,Chris Whitaker,"Holt & Company, Henry",2024.0,656.0,Thriller,Male,Fiction,"Suspense, Mystery, Psychological, Dark, Crime",2025-02,https://raw.githubusercontent.com/underscore-stack/BookTracker-Data/main/covers/9781250759696.jpg,OL51610109M,9781250759696,164000.0
273,Swastika night,Katharine Burdekin,Feminist Press,1937.0,196.0,Dystopian Fiction,Female,Fiction,"Alternate History, Totalitarianism, Gender Roles, Feminism",2025-02,https://raw.githubusercontent.com/underscore-stack/BookTracker-Data/main/covers/935312560.jpg,OL14523401M,935312560,49000.0
274,"The beekeeper's apprentice, or, On the segregation of the queen",Laurie R. King,St. Martin's Press,1994.0,347.0,Mystery,Female,Fiction,"Sherlock Holmes, Detective Fiction, Historical Fiction, Mary Russell, Amateur Sleuth",2025-02,https://raw.githubusercontent.com/underscore-stack/BookTracker-Data/main/covers/312104235.jpg,OL1432015M,312104235,86750.0
275,Phantom Orbit,David Ignatius,"Norton & Company, Incorporated, W. W.",2024.0,384.0,Thriller,Male,Fiction,"Espionage, Science Fiction, Suspense, Intelligence, Space Exploration",2025-02,https://raw.githubusercontent.com/underscore-stack/BookTracker-Data/main/covers/9781324050926.jpg,OL51612096M,9781324050926,96000.0
276,The Most,Jessica Anthony,Little Brown & Company,2024.0,144.0,Literary Fiction,Female,Fiction,"Satire, Contemporary, Humor, Social Commentary",2025-03,https://raw.githubusercontent.com/underscore-stack/BookTracker-Data/main/covers/9780316576390.jpg,OL51622188M,9780316576390,36000.0
277,In Too Deep,"Lee Child, Andrew Child",Random House Publishing Group,2024.0,304.0,Thriller,Male,Fiction,"Suspense, Crime, Action, Mystery, Adventure",2025-03,https://raw.githubusercontent.com/underscore-stack/BookTracker-Data/main/covers/9780593725801.jpg,OL50970082M,9780593725801,76000.0
278,Murder on the Orient Express,Agatha Christie,HarperCollins Publishers,1934.0,336.0,Mystery,Female,Fiction,"Detective, Crime, Classic, Whodunit, Hercule Poirot",2025-03,https://raw.githubusercontent.com/underscore-stack/BookTracker-Data/main/covers/9780007659579.jpg,OL50528186M,9780007659579,84000.0
279,There But For The: A Novel,Ali Smith,Hamish Hamilton,2011.0,256.0,Literary Fiction,Female,Fiction,"Contemporary, Satirical, Thought-Provoking, Character-Driven, Social Commentary",2025-03,https://raw.githubusercontent.com/underscore-stack/BookTracker-Data/main/covers/9780307275240.jpg,OL27305922M,9780307275240,64000.0
280,The door,"Szabo?, Magda",Harvill Secker,1985.0,260.0,Literary Fiction,Female,Fiction,"Hungarian Literature, Psychological Drama, Friendship, Secrets, Post-War Europe",2025-03,https://raw.githubusercontent.com/underscore-stack/BookTracker-Data/main/covers/9781843431930.jpg,OL17190178M,9781843431930,65000.0
281,World War Z,Max Brooks,Three Rivers Press,2006.0,342.0,Horror,Male,Fiction,"Zombies, Apocalypse, Survival, Oral History, Pandemic",2025-04,https://raw.githubusercontent.com/underscore-stack/BookTracker-Data/main/covers/9780307346612.jpg,OL24953189M,9780307346612,85500.0
282,Time Song,Julia Blackburn,Pantheon,2019.0,304.0,Non-fiction,Female,Non-fiction,"History, Memoir, Nature, Archaeology",2025-04,https://raw.githubusercontent.com/underscore-stack/BookTracker-Data/main/covers/9781101871676.jpg,OL27328670M,9781101871676,76000.0
283,The knife man,Wendy Moore,Broadway Books,2005.0,341.0,Biography,Female,Non-fiction,"Surgery, 18th Century, Medical History, John Hunter, Science, Medicine",2025-04,https://raw.githubusercontent.com/underscore-stack/BookTracker-Data/main/covers/9780767916530.jpg,OL21894199M,9780767916530,85250.0
284,Doublespeak,William Lutz,Harper & Row,1989.0,290.0,Non-fiction,Male,Non-fiction,"Language, Communication, Manipulation, Politics, Semantics",2025-04,https://raw.githubusercontent.com/underscore-stack/BookTracker-Data/main/covers/60161345.jpg,OL18334921M,60161345,72500.0
285,House of Leaves,Mark Z. Danielewski,Pantheon,2006.0,736.0,Horror,Male,Fiction,"Experimental, Labyrinthine, Psychological, Metafiction, Unsettling",2025-05,https://raw.githubusercontent.com/underscore-stack/BookTracker-Data/main/covers/9780375420528.jpg,OL25439141M,9780375420528,184000.0
286,Danny The Champion of the World,Roald Dahl,Jonathan Cape,1994.0,223.0,Children's Literature,Male,Fiction,"Family, Adventure, Friendship, Countryside, Poaching",2025-05,https://raw.githubusercontent.com/underscore-stack/BookTracker-Data/main/covers/9780224037495.jpg,OL7414284M,9780224037495,55750.0
287,Stories of Cats We Love,Various,MJF Books,2007.0,192.0,Anthology,Female,Fiction,"Cats, Short Stories, Animal Lovers, Fiction, Various Authors",2025-05,https://raw.githubusercontent.com/underscore-stack/BookTracker-Data/main/covers/9781606710975.jpg,OL32144464M,9781606710975,48000.0
288,I Hold a Wolf by the Ears,Laura van den Berg,"Farrar, Straus and Giroux",2020.0,224.0,Short Stories,Female,Fiction,"Contemporary Fiction, Psychological, Surreal, Women Protagonists, Dark Humor",2025-05,https://raw.githubusercontent.com/underscore-stack/BookTracker-Data/main/covers/9780374102098.jpg,OL28292950M,9780374102098,56000.0
289,The Maniac,Benjamín Labatut,Penguin Publishing Group,2023.0,354.0,Literary Fiction,Male,Non-fiction,"Mathematics, Historical Figures, Madness, Science, Biography",2025-05,https://raw.githubusercontent.com/underscore-stack/BookTracker-Data/main/covers/9780593654477.jpg,OL46649659M,9780593654477,88500.0
290,The Sequel,Jean Hanff Korelitz,Celadon Books,2024.0,320.0,Literary Fiction,Female,Fiction,"Authorship, Mystery, Publishing Industry, Suspense",2025-05,https://raw.githubusercontent.com/underscore-stack/BookTracker-Data/main/covers/9781250875488.jpg,OL50960145M,9781250875488,80000.0
291,Orbital,Samantha Harvey,"Grove/Atlantic, Incorporated",2024.0,224.0,Science Fiction,Female,Fiction,"Space Exploration, Futuristic, Adventure, Technology, Cosmic",2025-06,https://raw.githubusercontent.com/underscore-stack/BookTracker-Data/main/covers/9780802163622.jpg,OL51381424M,9780802163622,56000.0
292,Blue Hour,Paula Hawkins,HarperCollins Publishers,2024.0,352.0,Thriller,Female,Fiction,"Suspense, Mystery, Psychological, Crime, Drama",2025-06,https://raw.githubusercontent.com/underscore-stack/BookTracker-Data/main/covers/9780063396524.jpg,OL51350500M,9780063396524,88000.0
293,Siege,Ben Macintyre,Diversified Publishing,2024.0,563.0,Non-fiction,Male,Non-fiction,"Espionage, Military History, World War Ii, Intelligence, Historical Narrative",2025-06,https://raw.githubusercontent.com/underscore-stack/BookTracker-Data/main/covers/9798217014279.jpg,OL51618870M,9798217014279,140750.0
294,Middle of the Night,Riley Sager,Penguin Publishing Group,2024.0,384.0,Thriller,Male,Fiction,"Suspense, Mystery, Psychological, Nighttime, Secrets",2025-06,https://raw.githubusercontent.com/underscore-stack/BookTracker-Data/main/covers/9780593472378.jpg,OL51111715M,9780593472378,96000.0
295,I Was a Teenage Slasher,Stephen Graham Jones,Simon & Schuster Books For Young Readers,2024.0,384.0,Horror,Male,Fiction,"Young Adult, Slasher, Suspense, Thriller, Supernatural",2025-06,https://raw.githubusercontent.com/underscore-stack/BookTracker-Data/main/covers/9781668022245.jpg,OL51093375M,9781668022245,96000.0
296,Creation Lake,Rachel Kushner,Scribner,2024.0,416.0,,Female,Fiction,,2025-06,https://raw.githubusercontent.com/underscore-stack/BookTracker-Data/main/covers/9781982116521.jpg,OL54862758M,9781982116521,104000.0
297,You Dreamed of Empires,"Álvaro Enrigue, Natasha Wimmer",Harvill Secker,2023.0,320.0,Historical Fiction,Male,Fiction,"Colonialism, Spanish Empire, Cultural Conflict, Historical Narrative, Latin American Literature",2025-07,https://raw.githubusercontent.com/underscore-stack/BookTracker-Data/main/covers/9781787303805.jpg,OL35720233W,9781787303805,80000.0
298,Never Flinch,Stephen King,Scribner,2025.0,439.0,Horror,Male,Fiction,"Female Detective,  Suspense,  Thriller,  Horror",2025-07,https://raw.githubusercontent.com/underscore-stack/BookTracker-Data/main/covers/9781668089330.jpg,OL41942876W,9781668089330,109750.0
299,A Sunny Place for Shady People,Mariana Enriquez,Crown,2024.0,256.0,Short Stories,Female,Fiction,"Short Stories, Horror, Kafka, Female Writer, Metamorphosis ",2025-07,https://raw.githubusercontent.com/underscore-stack/BookTracker-Data/main/covers/9780593733257.jpg,OL37760047W,9780593733257,64000.0
300,Off with Her Head,Eleanor Herman,HarperCollins,2022.0,384.0,Non-Fiction,Female,Non-fiction,"feminism,  cultural history,  patriarchy,  women's studies,  gender roles",2025-07,https://raw.githubusercontent.com/underscore-stack/BookTracker-Data/main/covers/9780063095670.jpg,OL27170633W,9780063095670,96000.0
301,Little Book of Mushrooms,Alex Dorr,Adams Media,2023.0,252.0,Non-Fiction,Male,Non-fiction,"Mushrooms,  Nature,  Guide,  Botany,  Fungi",2025-07,https://raw.githubusercontent.com/underscore-stack/BookTracker-Data/main/covers/9871507221655.jpg,OL27847122W,9871507221655,63000.0
302,The Silver Bone,Andrei Kurkov,Quercus,2024.0,288.0,Mystery,Male,Fiction,"Ukraine,  Translated,  Police,  Mystery,  War",2025-07,https://raw.githubusercontent.com/underscore-stack/BookTracker-Data/main/covers/9780063352285.jpg,OL37580729W,9780063352285,72000.0
303,Fooled by randomness,Nassim Nicholas Taleb,Random House,2001.0,316.0,Finance,Male,Non-fiction,"Probability,  Risk,  Uncertainty,  Behavioral Economics,  Philosophy,  Finance",2025-07,https://raw.githubusercontent.com/underscore-stack/BookTracker-Data/main/covers/812975219.jpg,OL3295029W,812975219,79000.0
304,AI Con,"Emily M. Bender, Alex Hanna",HarperCollins Publishers,2025.0,288.0,Epistemology,Female,Non-fiction,"AI,  critical thinking,  epistemology,  ",2025-07,https://raw.githubusercontent.com/underscore-stack/BookTracker-Data/main/covers/9780063418554.jpg,OL42403270W,9780063418554,72000.0
305,Normal Rules Don't Apply,Kate Atkinson,Knopf Doubleday Publishing Group,2023.0,224.0,Literary Fiction,Female,Fiction,"short stories, speculative fiction, literary, fantasy elements, contemporary",2025-08,https://raw.githubusercontent.com/underscore-stack/BookTracker-Data/main/covers/9780385549509.jpg,OL34056270W,9780385549509,56000.0
306,The Last Murder at the End of the World,Stuart Turton,Sourcebooks Landmark,2024.0,368.0,Mystery,Male,Fiction,"mystery, thriller, detective, suspense, post-apocalyptic",2025-08,https://raw.githubusercontent.com/underscore-stack/BookTracker-Data/main/covers/1728254655.jpg,OL38057028W,1728254655,92000.0
307,Oliver Twist,Charles Dickens,Richard Bentley,1838.0,686.0,"Social novel, Bildungsroman",Male,Fiction,"Victorian era,  Orphans,  Social commentary,  Poverty,  Crime,  London,  19th century",2025-08,https://raw.githubusercontent.com/underscore-stack/BookTracker-Data/main/covers/141439742.jpg,OL8193478W,141439742,171500.0
308,I Can See in the Dark,Karin Fossum,Penguin Random House,2013.0,304.0,"Crime, Mystery",Female,Fiction,"psychological thriller, crime, mystery, Norwegian author, detective fiction",2025-08,https://raw.githubusercontent.com/underscore-stack/BookTracker-Data/main/covers/9781448104642.jpg,OL21791388W,9781448104642,76000.0
309,Age of Magical Overthinking,Amanda Montell,One Signal Publishers/Atria Books,2024.0,257.0,Non-Fiction,Female,Non-fiction,"Psychology,  Self Help,  Essays,  Mental Health,  Sociology",2025-08,https://raw.githubusercontent.com/underscore-stack/BookTracker-Data/main/covers/9781668007976.jpg,OL37581193W,9781668007976,64250.0
310,"Bluebird, bluebird",Attica Locke,Mulholland Books,2017.0,307.0,"Thriller, Crime, Noir",Female,Fiction,"  Racial tensions,  Texas,  Law enforcement,  Southern noir,  Suspense",2025-08,https://raw.githubusercontent.com/underscore-stack/BookTracker-Data/main/covers/316363294.jpg,OL19667629W,316363294,76750.0
311,"Heaven, My Home",Attica Locke,Mulholland Book,2019.0,294.0,"Mystery, Crime",Female,Fiction,"Thriller, Detective, Texas, Racial Tensions",2025-09,https://raw.githubusercontent.com/underscore-stack/BookTracker-Data/main/covers/9780316363402.jpg,OL20134789W,9780316363402,73500.0
312,The Devil and the Dark Water,Stuart Turton,Bloomsbury Publishing Plc,2021.0,576.0,Historical Fiction,Male,Fiction,"mystery, historical fiction, thriller, supernatural, 17th century, sea voyage",2025-09,https://raw.githubusercontent.com/underscore-stack/BookTracker-Data/main/covers/9781408889534.jpg,OL22446589W,9781408889534,144000.0
313,A Stroke of the Pen,Terry Pratchett,HarperCollins Publishers,2023.0,240.0,Fantasy,Male,Fiction,"short stories, humor, magic, Discworld",2025-09,https://raw.githubusercontent.com/underscore-stack/BookTracker-Data/main/covers/9780063376199.jpg,OL35711948W,9780063376199,60000.0
324,Terrestrial History,Joe Mungo Reed,"Norton & Company, Incorporated, W. W.",2025.0,256.0,Literary fiction,Male,Fiction,"Science Fiction, Fiction, Time Travel, Dystopia",2025-09,https://raw.githubusercontent.com/underscore-stack/BookTracker-Data/main/covers/9781324079385.jpg,OL42551596W,9781324079385,64000.0
325,The Extinction of Irena Rey,Jennifer Croft,"Farrar, Straus and Giroux",2024.0,320.0,Literary Fiction,Female,Fiction,"translation, identity, family, loss, language",2025-09,https://raw.githubusercontent.com/underscore-stack/BookTracker-Data/main/covers/9781639731701.jpg,OL37626918W,9781639731701,80000.0
327,Stoner,John Williams,Viking Press,1965.0,288.0,Literary Fiction,Male,Fiction,"academic life, 20th century, university, marriage, self-discovery",2025-10,https://raw.githubusercontent.com/underscore-stack/BookTracker-Data/main/covers/9780670671243.jpg,OL3511459W,9780670671243,72000.0
328,"The Secret Diary of Adrian Mole, Aged 13 3/4",Sue Townsend,Methuen Publishing,1982.0,272.0,Humor,Female,Fiction,"diary, teenage, British, coming of age, satire, 1980s",2025-10,https://raw.githubusercontent.com/underscore-stack/BookTracker-Data/main/covers/0413537900.jpg,OL549598W,0413537900,68000.0
329,The Growing Pains of Adrian Mole,"Sue Townsend, Pearce Quigley",Methuen,1984.0,304.0,Humor,Female,Fiction,"Young Adult Fiction, Diaries, Humorous stories, Fiction, Fiction, humorous",2025-10,https://raw.githubusercontent.com/underscore-stack/BookTracker-Data/main/covers/9780413531308.jpg,OL549597W,9780413531308,76000.0
330,Heroes,Stephen Fry,Michael Joseph,2018.0,480.0,Mythology,Male,Nonfiction,"Greek mythology, Legends, Ancient Greece, Mythological retellings, Classical history",2025-10,https://raw.githubusercontent.com/underscore-stack/BookTracker-Data/main/covers/9781405940566.jpg,OL20186302W,9781405940566,120000.0
331,Children of Men,P. D. James,Faber and Faber,1992.0,241.0,Dystopian,Female,Fiction,"dystopia, science fiction, infertility, future, society",2025-10,https://raw.githubusercontent.com/underscore-stack/BookTracker-Data/main/covers/9780571169184.jpg,OL510890W,9780571169184,60250.0
332,Jack of spades,Joyce Carol Oates,Mysterious Press,2015.0,224.0,Psychological Thriller,Female,Fiction,"Suspense, Identity, Crime, Alter Ego, Psychological",2025-10,https://raw.githubusercontent.com/underscore-stack/BookTracker-Data/main/covers/9781784970970.jpg,OL20477061W,9781784970970,56000.0
